timestamp, utilization.gpu [%], utilization.memory [%], memory.used [MiB], memory.total [MiB], power.draw [W]
2026/04/24 07:39:10.976, 0 %, 0 %, 0 MiB, 46068 MiB, 25.68 W
2026/04/24 07:39:20.979, 0 %, 0 %, 0 MiB, 46068 MiB, 24.85 W
2026/04/24 07:39:30.980, 0 %, 0 %, 0 MiB, 46068 MiB, 25.35 W
2026/04/24 07:39:40.980, 0 %, 0 %, 0 MiB, 46068 MiB, 25.33 W
2026/04/24 07:39:50.981, 0 %, 0 %, 3 MiB, 46068 MiB, 26.11 W
2026/04/24 07:40:00.982, 0 %, 1 %, 3 MiB, 46068 MiB, 26.09 W
2026/04/24 07:40:10.983, 0 %, 0 %, 3 MiB, 46068 MiB, 25.74 W
2026/04/24 07:40:20.984, 0 %, 0 %, 3 MiB, 46068 MiB, 25.48 W
2026/04/24 07:40:30.985, 0 %, 0 %, 3 MiB, 46068 MiB, 26.45 W
2026/04/24 07:40:40.986, 0 %, 0 %, 3 MiB, 46068 MiB, 25.48 W
2026/04/24 07:40:50.987, 0 %, 0 %, 3 MiB, 46068 MiB, 25.11 W
2026/04/24 07:41:00.988, 0 %, 0 %, 3 MiB, 46068 MiB, 25.98 W
2026/04/24 07:41:10.989, 0 %, 0 %, 3 MiB, 46068 MiB, 25.48 W
2026/04/24 07:41:20.990, 0 %, 0 %, 3 MiB, 46068 MiB, 25.58 W
2026/04/24 07:41:30.991, 0 %, 0 %, 3 MiB, 46068 MiB, 25.93 W
2026/04/24 07:41:40.992, 0 %, 0 %, 3 MiB, 46068 MiB, 25.14 W
2026/04/24 07:41:50.993, 0 %, 0 %, 3 MiB, 46068 MiB, 24.96 W
2026/04/24 07:42:00.994, 0 %, 0 %, 3 MiB, 46068 MiB, 25.59 W
2026/04/24 07:42:10.995, 0 %, 0 %, 3 MiB, 46068 MiB, 23.62 W
2026/04/24 07:42:20.996, 0 %, 0 %, 3 MiB, 46068 MiB, 25.62 W
2026/04/24 07:42:30.997, 0 %, 0 %, 3 MiB, 46068 MiB, 24.73 W
2026/04/24 07:42:40.998, 0 %, 0 %, 3 MiB, 46068 MiB, 25.93 W
2026/04/24 07:42:50.999, 0 %, 0 %, 3 MiB, 46068 MiB, 23.37 W
2026/04/24 07:43:01.000, 0 %, 0 %, 3 MiB, 46068 MiB, 24.60 W
2026/04/24 07:43:11.001, 0 %, 0 %, 3 MiB, 46068 MiB, 26.44 W
2026/04/24 07:43:21.002, 0 %, 0 %, 3 MiB, 46068 MiB, 25.49 W
2026/04/24 07:43:31.003, 0 %, 0 %, 3 MiB, 46068 MiB, 25.74 W
2026/04/24 07:43:41.004, 0 %, 0 %, 3 MiB, 46068 MiB, 25.86 W
2026/04/24 07:43:51.005, 0 %, 0 %, 3 MiB, 46068 MiB, 25.11 W
2026/04/24 07:44:01.006, 0 %, 0 %, 3 MiB, 46068 MiB, 24.83 W
2026/04/24 07:44:11.007, 0 %, 0 %, 3 MiB, 46068 MiB, 24.37 W
2026/04/24 07:44:21.008, 0 %, 0 %, 3 MiB, 46068 MiB, 27.17 W
2026/04/24 07:44:31.009, 0 %, 0 %, 3 MiB, 46068 MiB, 24.48 W
2026/04/24 07:44:41.010, 0 %, 0 %, 3 MiB, 46068 MiB, 25.47 W
2026/04/24 07:44:51.011, 0 %, 0 %, 3 MiB, 46068 MiB, 25.47 W
2026/04/24 07:45:01.012, 0 %, 0 %, 3 MiB, 46068 MiB, 24.00 W
2026/04/24 07:45:11.013, 0 %, 0 %, 3 MiB, 46068 MiB, 24.23 W
2026/04/24 07:45:21.014, 0 %, 0 %, 3 MiB, 46068 MiB, 26.10 W
2026/04/24 07:45:31.015, 0 %, 0 %, 3 MiB, 46068 MiB, 22.63 W
2026/04/24 07:45:41.016, 0 %, 0 %, 3 MiB, 46068 MiB, 25.11 W
2026/04/24 07:45:51.017, 0 %, 0 %, 3 MiB, 46068 MiB, 25.11 W
2026/04/24 07:46:01.018, 0 %, 0 %, 3 MiB, 46068 MiB, 27.17 W
2026/04/24 07:46:11.019, 0 %, 0 %, 3 MiB, 46068 MiB, 24.85 W
2026/04/24 07:46:21.020, 0 %, 2 %, 3 MiB, 46068 MiB, 25.49 W
2026/04/24 07:46:31.021, 0 %, 0 %, 3 MiB, 46068 MiB, 25.96 W
2026/04/24 07:46:41.022, 0 %, 0 %, 3 MiB, 46068 MiB, 24.86 W
2026/04/24 07:46:51.023, 0 %, 0 %, 3 MiB, 46068 MiB, 23.99 W
2026/04/24 07:47:01.023, 0 %, 0 %, 3 MiB, 46068 MiB, 24.84 W
2026/04/24 07:47:11.024, 0 %, 0 %, 3 MiB, 46068 MiB, 25.49 W
2026/04/24 07:47:21.025, 0 %, 0 %, 3 MiB, 46068 MiB, 24.46 W
2026/04/24 07:47:31.026, 0 %, 0 %, 3 MiB, 46068 MiB, 26.70 W
2026/04/24 07:47:41.027, 0 %, 0 %, 3 MiB, 46068 MiB, 24.88 W
2026/04/24 07:47:51.028, 0 %, 0 %, 3 MiB, 46068 MiB, 25.71 W
2026/04/24 07:48:01.029, 0 %, 0 %, 3 MiB, 46068 MiB, 25.70 W
2026/04/24 07:48:11.030, 0 %, 0 %, 3 MiB, 46068 MiB, 25.36 W
2026/04/24 07:48:21.031, 0 %, 0 %, 3 MiB, 46068 MiB, 24.50 W
2026/04/24 07:48:31.032, 0 %, 0 %, 3 MiB, 46068 MiB, 24.59 W
2026/04/24 07:48:41.033, 0 %, 0 %, 3 MiB, 46068 MiB, 24.12 W
2026/04/24 07:48:51.034, 0 %, 0 %, 3 MiB, 46068 MiB, 24.35 W
2026/04/24 07:49:01.035, 0 %, 3 %, 3 MiB, 46068 MiB, 25.93 W
2026/04/24 07:49:11.036, 0 %, 0 %, 3 MiB, 46068 MiB, 26.87 W
2026/04/24 07:49:21.037, 0 %, 0 %, 3 MiB, 46068 MiB, 26.80 W
2026/04/24 07:49:31.040, 0 %, 0 %, 3 MiB, 46068 MiB, 23.84 W
2026/04/24 07:49:41.041, 0 %, 0 %, 3 MiB, 46068 MiB, 25.85 W
2026/04/24 07:49:51.044, 0 %, 0 %, 3 MiB, 46068 MiB, 25.11 W
2026/04/24 07:50:01.045, 0 %, 0 %, 3 MiB, 46068 MiB, 25.48 W
2026/04/24 07:50:11.045, 0 %, 0 %, 3 MiB, 46068 MiB, 24.99 W
2026/04/24 07:50:21.046, 0 %, 0 %, 3 MiB, 46068 MiB, 24.75 W
2026/04/24 07:50:31.047, 0 %, 0 %, 3 MiB, 46068 MiB, 25.24 W
2026/04/24 07:50:41.048, 0 %, 0 %, 3 MiB, 46068 MiB, 25.12 W
2026/04/24 07:50:51.049, 0 %, 0 %, 3 MiB, 46068 MiB, 27.46 W
2026/04/24 07:51:01.050, 0 %, 0 %, 3 MiB, 46068 MiB, 25.11 W
2026/04/24 07:51:11.051, 0 %, 0 %, 3 MiB, 46068 MiB, 25.00 W
2026/04/24 07:51:21.052, 0 %, 0 %, 3 MiB, 46068 MiB, 25.22 W
2026/04/24 07:51:31.053, 0 %, 0 %, 3 MiB, 46068 MiB, 24.98 W
2026/04/24 07:51:41.054, 0 %, 0 %, 3 MiB, 46068 MiB, 25.00 W
2026/04/24 07:51:51.055, 0 %, 0 %, 3 MiB, 46068 MiB, 26.23 W
2026/04/24 07:52:01.056, 0 %, 0 %, 3 MiB, 46068 MiB, 25.56 W
2026/04/24 07:52:11.057, 0 %, 0 %, 3 MiB, 46068 MiB, 26.47 W
2026/04/24 07:52:21.058, 0 %, 0 %, 3 MiB, 46068 MiB, 25.37 W
2026/04/24 07:52:31.059, 0 %, 0 %, 3 MiB, 46068 MiB, 25.48 W
2026/04/24 07:52:41.060, 0 %, 0 %, 3 MiB, 46068 MiB, 25.34 W
2026/04/24 07:52:51.061, 0 %, 0 %, 3 MiB, 46068 MiB, 23.88 W
2026/04/24 07:53:01.062, 0 %, 0 %, 3 MiB, 46068 MiB, 24.50 W
2026/04/24 07:53:11.063, 0 %, 0 %, 3 MiB, 46068 MiB, 25.20 W
2026/04/24 07:53:21.064, 0 %, 0 %, 3 MiB, 46068 MiB, 24.61 W
2026/04/24 07:53:31.065, 0 %, 0 %, 3 MiB, 46068 MiB, 25.11 W
2026/04/24 07:53:41.066, 0 %, 0 %, 3 MiB, 46068 MiB, 25.97 W
2026/04/24 07:53:51.067, 0 %, 0 %, 3 MiB, 46068 MiB, 24.87 W
2026/04/24 07:54:01.068, 0 %, 0 %, 3 MiB, 46068 MiB, 24.71 W
2026/04/24 07:54:11.069, 0 %, 0 %, 3 MiB, 46068 MiB, 25.00 W
2026/04/24 07:54:21.070, 0 %, 0 %, 3 MiB, 46068 MiB, 25.83 W
2026/04/24 07:54:31.071, 0 %, 0 %, 3 MiB, 46068 MiB, 25.49 W
2026/04/24 07:54:41.072, 0 %, 0 %, 3 MiB, 46068 MiB, 24.71 W
2026/04/24 07:54:51.073, 0 %, 0 %, 3 MiB, 46068 MiB, 25.72 W
2026/04/24 07:55:01.074, 0 %, 0 %, 3 MiB, 46068 MiB, 25.34 W
2026/04/24 07:55:11.075, 0 %, 0 %, 3 MiB, 46068 MiB, 24.88 W
2026/04/24 07:55:21.076, 0 %, 0 %, 3 MiB, 46068 MiB, 25.97 W
2026/04/24 07:55:31.077, 0 %, 0 %, 3 MiB, 46068 MiB, 25.48 W
2026/04/24 07:55:41.078, 0 %, 0 %, 3 MiB, 46068 MiB, 25.58 W
2026/04/24 07:55:51.079, 0 %, 0 %, 3 MiB, 46068 MiB, 25.00 W
2026/04/24 07:56:01.080, 0 %, 0 %, 3 MiB, 46068 MiB, 25.95 W
2026/04/24 07:56:11.081, 0 %, 0 %, 3 MiB, 46068 MiB, 24.24 W
2026/04/24 07:56:21.082, 0 %, 0 %, 3 MiB, 46068 MiB, 23.98 W
2026/04/24 07:56:31.083, 0 %, 0 %, 3 MiB, 46068 MiB, 25.73 W
2026/04/24 07:56:41.084, 0 %, 0 %, 3 MiB, 46068 MiB, 25.86 W
2026/04/24 07:56:51.085, 0 %, 0 %, 3 MiB, 46068 MiB, 24.74 W
2026/04/24 07:57:01.086, 0 %, 2 %, 3 MiB, 46068 MiB, 23.97 W
2026/04/24 07:57:11.087, 0 %, 0 %, 3 MiB, 46068 MiB, 25.08 W
2026/04/24 07:57:21.088, 0 %, 0 %, 3 MiB, 46068 MiB, 25.47 W
2026/04/24 07:57:31.089, 0 %, 0 %, 3 MiB, 46068 MiB, 25.69 W
2026/04/24 07:57:41.090, 0 %, 0 %, 3 MiB, 46068 MiB, 25.24 W
2026/04/24 07:57:51.091, 0 %, 0 %, 3 MiB, 46068 MiB, 24.30 W
2026/04/24 07:58:01.092, 0 %, 0 %, 3 MiB, 46068 MiB, 24.12 W
2026/04/24 07:58:11.093, 0 %, 0 %, 3 MiB, 46068 MiB, 24.37 W
2026/04/24 07:58:21.094, 0 %, 0 %, 3 MiB, 46068 MiB, 25.73 W
2026/04/24 07:58:31.095, 0 %, 0 %, 3 MiB, 46068 MiB, 25.06 W
2026/04/24 07:58:41.096, 0 %, 0 %, 3 MiB, 46068 MiB, 24.35 W
2026/04/24 07:58:51.097, 0 %, 0 %, 3 MiB, 46068 MiB, 25.11 W
2026/04/24 07:59:01.098, 0 %, 0 %, 3 MiB, 46068 MiB, 25.48 W
2026/04/24 07:59:11.099, 0 %, 0 %, 3 MiB, 46068 MiB, 25.08 W
2026/04/24 07:59:21.100, 0 %, 0 %, 3 MiB, 46068 MiB, 24.95 W
2026/04/24 07:59:31.101, 0 %, 1 %, 3 MiB, 46068 MiB, 25.44 W
2026/04/24 07:59:41.102, 0 %, 0 %, 3 MiB, 46068 MiB, 23.66 W
2026/04/24 07:59:51.103, 0 %, 0 %, 3 MiB, 46068 MiB, 25.60 W
2026/04/24 08:00:01.104, 0 %, 0 %, 3 MiB, 46068 MiB, 24.85 W
2026/04/24 08:00:11.106, 0 %, 0 %, 3 MiB, 46068 MiB, 26.34 W
2026/04/24 08:00:21.106, 0 %, 0 %, 3 MiB, 46068 MiB, 25.13 W
2026/04/24 08:00:31.108, 0 %, 1 %, 3 MiB, 46068 MiB, 26.08 W
2026/04/24 08:00:41.109, 0 %, 0 %, 3 MiB, 46068 MiB, 26.07 W
2026/04/24 08:00:51.110, 0 %, 0 %, 3 MiB, 46068 MiB, 23.99 W
2026/04/24 08:01:01.111, 0 %, 0 %, 3 MiB, 46068 MiB, 26.35 W
2026/04/24 08:01:11.112, 0 %, 0 %, 3 MiB, 46068 MiB, 24.96 W
2026/04/24 08:01:21.113, 0 %, 0 %, 3 MiB, 46068 MiB, 25.14 W
2026/04/24 08:01:31.114, 0 %, 0 %, 3 MiB, 46068 MiB, 25.86 W
2026/04/24 08:01:41.115, 0 %, 0 %, 3 MiB, 46068 MiB, 25.37 W
2026/04/24 08:01:51.116, 0 %, 0 %, 3 MiB, 46068 MiB, 27.07 W
2026/04/24 08:02:01.117, 0 %, 0 %, 3 MiB, 46068 MiB, 69.59 W
2026/04/24 08:02:11.118, 0 %, 0 %, 3 MiB, 46068 MiB, 24.11 W
2026/04/24 08:02:21.119, 0 %, 0 %, 3 MiB, 46068 MiB, 25.24 W
2026/04/24 08:02:31.120, 0 %, 0 %, 3 MiB, 46068 MiB, 24.10 W
2026/04/24 08:02:41.121, 0 %, 0 %, 3 MiB, 46068 MiB, 23.87 W
2026/04/24 08:02:51.122, 0 %, 0 %, 3 MiB, 46068 MiB, 24.83 W
2026/04/24 08:03:01.122, 0 %, 0 %, 3 MiB, 46068 MiB, 26.70 W
2026/04/24 08:03:11.123, 0 %, 0 %, 3 MiB, 46068 MiB, 24.86 W
2026/04/24 08:03:21.124, 0 %, 0 %, 3 MiB, 46068 MiB, 25.86 W
2026/04/24 08:03:31.125, 0 %, 0 %, 3 MiB, 46068 MiB, 25.95 W
2026/04/24 08:03:41.126, 0 %, 0 %, 3 MiB, 46068 MiB, 25.13 W
2026/04/24 08:03:51.127, 0 %, 0 %, 3 MiB, 46068 MiB, 24.88 W
2026/04/24 08:04:01.128, 0 %, 0 %, 3 MiB, 46068 MiB, 25.49 W
2026/04/24 08:04:11.129, 0 %, 0 %, 3 MiB, 46068 MiB, 25.85 W
2026/04/24 08:04:21.130, 0 %, 0 %, 3 MiB, 46068 MiB, 24.96 W
2026/04/24 08:04:31.131, 0 %, 0 %, 3 MiB, 46068 MiB, 26.35 W
2026/04/24 08:04:41.132, 0 %, 0 %, 3 MiB, 46068 MiB, 26.84 W
2026/04/24 08:04:51.133, 0 %, 0 %, 3 MiB, 46068 MiB, 23.99 W
2026/04/24 08:05:01.135, 0 %, 0 %, 3 MiB, 46068 MiB, 24.10 W
2026/04/24 08:05:11.136, 0 %, 0 %, 3 MiB, 46068 MiB, 26.23 W
2026/04/24 08:05:21.137, 0 %, 0 %, 3 MiB, 46068 MiB, 23.86 W
2026/04/24 08:05:31.138, 0 %, 0 %, 3 MiB, 46068 MiB, 24.97 W
2026/04/24 08:05:41.139, 0 %, 0 %, 3 MiB, 46068 MiB, 25.22 W
2026/04/24 08:05:51.140, 0 %, 0 %, 3 MiB, 46068 MiB, 24.39 W
2026/04/24 08:06:01.141, 0 %, 0 %, 3 MiB, 46068 MiB, 24.47 W
2026/04/24 08:06:11.142, 0 %, 0 %, 3 MiB, 46068 MiB, 24.63 W
2026/04/24 08:06:21.143, 0 %, 0 %, 3 MiB, 46068 MiB, 26.46 W
2026/04/24 08:06:31.144, 0 %, 0 %, 3 MiB, 46068 MiB, 24.37 W
2026/04/24 08:06:41.145, 0 %, 0 %, 3 MiB, 46068 MiB, 24.24 W
2026/04/24 08:06:51.146, 0 %, 0 %, 3 MiB, 46068 MiB, 24.87 W
2026/04/24 08:07:01.147, 0 %, 0 %, 3 MiB, 46068 MiB, 49.15 W
2026/04/24 08:07:11.148, 0 %, 0 %, 3 MiB, 46068 MiB, 26.35 W
2026/04/24 08:07:21.149, 0 %, 0 %, 3 MiB, 46068 MiB, 25.23 W
2026/04/24 08:07:31.150, 0 %, 0 %, 3 MiB, 46068 MiB, 24.97 W
2026/04/24 08:07:41.151, 0 %, 0 %, 3 MiB, 46068 MiB, 26.35 W
2026/04/24 08:07:51.151, 0 %, 0 %, 3 MiB, 46068 MiB, 26.37 W
2026/04/24 08:08:01.152, 0 %, 0 %, 3 MiB, 46068 MiB, 24.38 W
2026/04/24 08:08:11.153, 0 %, 0 %, 3 MiB, 46068 MiB, 24.37 W
2026/04/24 08:08:21.154, 0 %, 0 %, 3 MiB, 46068 MiB, 26.08 W
2026/04/24 08:08:31.155, 0 %, 0 %, 3 MiB, 46068 MiB, 23.86 W
2026/04/24 08:08:41.156, 0 %, 2 %, 3 MiB, 46068 MiB, 25.48 W
2026/04/24 08:08:51.157, 0 %, 0 %, 3 MiB, 46068 MiB, 25.36 W
2026/04/24 08:09:01.158, 0 %, 0 %, 3 MiB, 46068 MiB, 24.24 W
2026/04/24 08:09:11.159, 0 %, 0 %, 3 MiB, 46068 MiB, 25.00 W
2026/04/24 08:09:21.160, 0 %, 0 %, 3 MiB, 46068 MiB, 24.48 W
2026/04/24 08:09:31.161, 0 %, 0 %, 3 MiB, 46068 MiB, 25.37 W
2026/04/24 08:09:41.162, 0 %, 0 %, 3 MiB, 46068 MiB, 25.75 W
2026/04/24 08:09:51.163, 0 %, 0 %, 3 MiB, 46068 MiB, 26.11 W
2026/04/24 08:10:01.165, 0 %, 0 %, 3 MiB, 46068 MiB, 26.81 W
2026/04/24 08:10:11.166, 0 %, 0 %, 3 MiB, 46068 MiB, 25.00 W
2026/04/24 08:10:21.167, 0 %, 0 %, 3 MiB, 46068 MiB, 25.73 W
2026/04/24 08:10:31.168, 0 %, 0 %, 3 MiB, 46068 MiB, 26.44 W
2026/04/24 08:10:41.169, 0 %, 0 %, 3 MiB, 46068 MiB, 24.86 W
2026/04/24 08:10:51.170, 0 %, 0 %, 3 MiB, 46068 MiB, 25.36 W
2026/04/24 08:11:01.171, 0 %, 0 %, 3 MiB, 46068 MiB, 25.49 W
2026/04/24 08:11:11.172, 0 %, 0 %, 3 MiB, 46068 MiB, 24.65 W
2026/04/24 08:11:21.173, 0 %, 0 %, 3 MiB, 46068 MiB, 24.73 W
2026/04/24 08:11:31.174, 0 %, 0 %, 3 MiB, 46068 MiB, 24.01 W
2026/04/24 08:11:41.175, 0 %, 0 %, 3 MiB, 46068 MiB, 26.09 W
2026/04/24 08:11:51.176, 0 %, 0 %, 3 MiB, 46068 MiB, 23.97 W
2026/04/24 08:12:01.177, 0 %, 0 %, 3 MiB, 46068 MiB, 66.15 W
2026/04/24 08:12:11.178, 0 %, 0 %, 3 MiB, 46068 MiB, 25.11 W
2026/04/24 08:12:21.179, 0 %, 0 %, 3 MiB, 46068 MiB, 26.35 W
2026/04/24 08:12:31.180, 0 %, 0 %, 3 MiB, 46068 MiB, 24.75 W
2026/04/24 08:12:41.181, 0 %, 0 %, 3 MiB, 46068 MiB, 25.47 W
2026/04/24 08:12:51.182, 0 %, 0 %, 3 MiB, 46068 MiB, 26.21 W
2026/04/24 08:13:01.183, 0 %, 0 %, 3 MiB, 46068 MiB, 23.75 W
2026/04/24 08:13:11.184, 0 %, 0 %, 3 MiB, 46068 MiB, 25.11 W
2026/04/24 08:13:21.185, 0 %, 0 %, 3 MiB, 46068 MiB, 26.06 W
2026/04/24 08:13:31.186, 0 %, 0 %, 3 MiB, 46068 MiB, 25.24 W
2026/04/24 08:13:41.187, 0 %, 0 %, 3 MiB, 46068 MiB, 25.73 W
2026/04/24 08:13:51.188, 0 %, 0 %, 3 MiB, 46068 MiB, 25.47 W
2026/04/24 08:14:01.189, 0 %, 0 %, 3 MiB, 46068 MiB, 25.88 W
2026/04/24 08:14:11.189, 0 %, 0 %, 3 MiB, 46068 MiB, 24.87 W
2026/04/24 08:14:21.190, 0 %, 0 %, 3 MiB, 46068 MiB, 25.49 W
2026/04/24 08:14:31.191, 0 %, 0 %, 3 MiB, 46068 MiB, 26.45 W
2026/04/24 08:14:41.192, 0 %, 0 %, 3 MiB, 46068 MiB, 25.37 W
2026/04/24 08:14:51.193, 0 %, 0 %, 3 MiB, 46068 MiB, 24.50 W
2026/04/24 08:15:01.194, 0 %, 0 %, 3 MiB, 46068 MiB, 26.48 W
2026/04/24 08:15:11.195, 0 %, 0 %, 3 MiB, 46068 MiB, 25.48 W
2026/04/24 08:15:21.196, 0 %, 0 %, 3 MiB, 46068 MiB, 25.22 W
2026/04/24 08:15:31.197, 0 %, 0 %, 3 MiB, 46068 MiB, 25.61 W
2026/04/24 08:15:41.198, 0 %, 0 %, 3 MiB, 46068 MiB, 24.15 W
2026/04/24 08:15:51.199, 0 %, 0 %, 3 MiB, 46068 MiB, 25.60 W
2026/04/24 08:16:01.200, 0 %, 0 %, 3 MiB, 46068 MiB, 26.10 W
2026/04/24 08:16:11.201, 0 %, 0 %, 3 MiB, 46068 MiB, 27.43 W
2026/04/24 08:16:21.202, 0 %, 0 %, 3 MiB, 46068 MiB, 24.61 W
2026/04/24 08:16:31.203, 0 %, 0 %, 3 MiB, 46068 MiB, 24.45 W
2026/04/24 08:16:41.204, 0 %, 0 %, 3 MiB, 46068 MiB, 27.46 W
2026/04/24 08:16:51.205, 0 %, 0 %, 3 MiB, 46068 MiB, 26.09 W
2026/04/24 08:17:01.206, 0 %, 0 %, 3 MiB, 46068 MiB, 55.00 W
2026/04/24 08:17:11.207, 0 %, 0 %, 3 MiB, 46068 MiB, 25.36 W
2026/04/24 08:17:21.208, 0 %, 0 %, 3 MiB, 46068 MiB, 25.22 W
2026/04/24 08:17:31.209, 0 %, 0 %, 3 MiB, 46068 MiB, 24.74 W
2026/04/24 08:17:41.210, 0 %, 0 %, 3 MiB, 46068 MiB, 24.36 W
2026/04/24 08:17:51.211, 0 %, 0 %, 3 MiB, 46068 MiB, 25.61 W
2026/04/24 08:18:01.212, 0 %, 0 %, 3 MiB, 46068 MiB, 26.83 W
2026/04/24 08:18:11.213, 0 %, 0 %, 3 MiB, 46068 MiB, 25.37 W
2026/04/24 08:18:21.214, 0 %, 0 %, 3 MiB, 46068 MiB, 24.98 W
2026/04/24 08:18:31.215, 0 %, 0 %, 3 MiB, 46068 MiB, 26.68 W
2026/04/24 08:18:41.216, 0 %, 0 %, 3 MiB, 46068 MiB, 25.08 W
2026/04/24 08:18:51.217, 0 %, 0 %, 3 MiB, 46068 MiB, 25.60 W
2026/04/24 08:19:01.218, 0 %, 0 %, 3 MiB, 46068 MiB, 25.60 W
2026/04/24 08:19:11.219, 0 %, 0 %, 3 MiB, 46068 MiB, 24.75 W
2026/04/24 08:19:21.220, 0 %, 0 %, 3 MiB, 46068 MiB, 24.37 W
2026/04/24 08:19:31.221, 0 %, 0 %, 3 MiB, 46068 MiB, 25.36 W
2026/04/24 08:19:41.222, 0 %, 0 %, 3 MiB, 46068 MiB, 25.50 W
2026/04/24 08:19:51.223, 0 %, 0 %, 3 MiB, 46068 MiB, 25.09 W
2026/04/24 08:20:01.225, 0 %, 0 %, 3 MiB, 46068 MiB, 23.60 W
2026/04/24 08:20:11.226, 0 %, 0 %, 3 MiB, 46068 MiB, 27.07 W
2026/04/24 08:20:21.227, 0 %, 0 %, 3 MiB, 46068 MiB, 25.36 W
2026/04/24 08:20:31.228, 0 %, 0 %, 3 MiB, 46068 MiB, 27.30 W
2026/04/24 08:20:41.229, 0 %, 0 %, 3 MiB, 46068 MiB, 23.74 W
2026/04/24 08:20:51.230, 0 %, 0 %, 3 MiB, 46068 MiB, 23.99 W
2026/04/24 08:21:01.231, 0 %, 0 %, 3 MiB, 46068 MiB, 25.00 W
2026/04/24 08:21:11.232, 0 %, 1 %, 3 MiB, 46068 MiB, 25.21 W
2026/04/24 08:21:21.233, 0 %, 0 %, 3 MiB, 46068 MiB, 24.58 W
2026/04/24 08:21:31.234, 0 %, 0 %, 3 MiB, 46068 MiB, 24.60 W
2026/04/24 08:21:41.235, 0 %, 0 %, 3 MiB, 46068 MiB, 24.50 W
2026/04/24 08:21:51.236, 0 %, 0 %, 3 MiB, 46068 MiB, 26.45 W
2026/04/24 08:22:01.237, 0 %, 0 %, 3 MiB, 46068 MiB, 55.19 W
2026/04/24 08:22:11.238, 0 %, 0 %, 3 MiB, 46068 MiB, 25.33 W
2026/04/24 08:22:21.239, 0 %, 0 %, 3 MiB, 46068 MiB, 26.35 W
2026/04/24 08:22:31.240, 0 %, 0 %, 3 MiB, 46068 MiB, 24.60 W
2026/04/24 08:22:41.241, 0 %, 0 %, 3 MiB, 46068 MiB, 25.11 W
2026/04/24 08:22:51.242, 0 %, 0 %, 3 MiB, 46068 MiB, 25.47 W
2026/04/24 08:23:01.243, 0 %, 0 %, 3 MiB, 46068 MiB, 21.38 W
2026/04/24 08:23:11.244, 0 %, 0 %, 3 MiB, 46068 MiB, 24.85 W
2026/04/24 08:23:21.245, 0 %, 0 %, 3 MiB, 46068 MiB, 25.62 W
2026/04/24 08:23:31.246, 0 %, 0 %, 3 MiB, 46068 MiB, 26.70 W
2026/04/24 08:23:41.247, 0 %, 0 %, 3 MiB, 46068 MiB, 25.72 W
2026/04/24 08:23:51.248, 0 %, 0 %, 3 MiB, 46068 MiB, 25.11 W
2026/04/24 08:24:01.249, 0 %, 0 %, 3 MiB, 46068 MiB, 27.22 W
2026/04/24 08:24:11.250, 0 %, 0 %, 3 MiB, 46068 MiB, 24.11 W
2026/04/24 08:24:21.251, 0 %, 1 %, 3 MiB, 46068 MiB, 25.22 W
2026/04/24 08:24:31.252, 0 %, 0 %, 3 MiB, 46068 MiB, 24.99 W
2026/04/24 08:24:41.253, 0 %, 0 %, 3 MiB, 46068 MiB, 25.23 W
2026/04/24 08:24:51.254, 0 %, 0 %, 3 MiB, 46068 MiB, 24.61 W
2026/04/24 08:25:01.255, 0 %, 0 %, 3 MiB, 46068 MiB, 23.36 W
2026/04/24 08:25:11.256, 0 %, 0 %, 3 MiB, 46068 MiB, 26.34 W
2026/04/24 08:25:21.257, 0 %, 0 %, 3 MiB, 46068 MiB, 24.62 W
2026/04/24 08:25:31.258, 0 %, 0 %, 3 MiB, 46068 MiB, 24.59 W
2026/04/24 08:25:41.259, 0 %, 0 %, 3 MiB, 46068 MiB, 25.81 W
2026/04/24 08:25:51.260, 0 %, 0 %, 3 MiB, 46068 MiB, 24.85 W
2026/04/24 08:26:01.261, 0 %, 0 %, 3 MiB, 46068 MiB, 25.13 W
2026/04/24 08:26:11.262, 0 %, 0 %, 3 MiB, 46068 MiB, 26.10 W
2026/04/24 08:26:21.263, 0 %, 0 %, 3 MiB, 46068 MiB, 24.37 W
2026/04/24 08:26:31.264, 0 %, 0 %, 3 MiB, 46068 MiB, 25.73 W
2026/04/24 08:26:41.265, 0 %, 0 %, 3 MiB, 46068 MiB, 24.75 W
2026/04/24 08:26:51.265, 0 %, 0 %, 3 MiB, 46068 MiB, 26.95 W
2026/04/24 08:27:01.266, 0 %, 0 %, 3 MiB, 46068 MiB, 25.99 W
2026/04/24 08:27:11.267, 0 %, 0 %, 3 MiB, 46068 MiB, 25.61 W
2026/04/24 08:27:21.268, 0 %, 0 %, 3 MiB, 46068 MiB, 25.11 W
2026/04/24 08:27:31.269, 0 %, 0 %, 3 MiB, 46068 MiB, 25.49 W
2026/04/24 08:27:41.270, 0 %, 0 %, 3 MiB, 46068 MiB, 25.39 W
2026/04/24 08:27:51.271, 0 %, 0 %, 3 MiB, 46068 MiB, 26.83 W
2026/04/24 08:28:01.272, 0 %, 0 %, 3 MiB, 46068 MiB, 25.20 W
2026/04/24 08:28:11.273, 0 %, 0 %, 3 MiB, 46068 MiB, 24.87 W
2026/04/24 08:28:21.274, 0 %, 3 %, 3 MiB, 46068 MiB, 25.50 W
2026/04/24 08:28:31.275, 0 %, 0 %, 3 MiB, 46068 MiB, 24.35 W
2026/04/24 08:28:41.276, 0 %, 0 %, 3 MiB, 46068 MiB, 25.74 W
2026/04/24 08:28:51.277, 0 %, 0 %, 3 MiB, 46068 MiB, 25.61 W
2026/04/24 08:29:01.278, 0 %, 0 %, 3 MiB, 46068 MiB, 25.24 W
2026/04/24 08:29:11.279, 0 %, 0 %, 3 MiB, 46068 MiB, 24.60 W
2026/04/24 08:29:21.280, 0 %, 0 %, 3 MiB, 46068 MiB, 25.32 W
2026/04/24 08:29:31.281, 0 %, 0 %, 3 MiB, 46068 MiB, 26.35 W
2026/04/24 08:29:41.282, 0 %, 0 %, 3 MiB, 46068 MiB, 25.74 W
2026/04/24 08:29:51.283, 0 %, 0 %, 3 MiB, 46068 MiB, 25.00 W
2026/04/24 08:30:01.285, 0 %, 0 %, 3 MiB, 46068 MiB, 26.35 W
2026/04/24 08:30:11.286, 0 %, 0 %, 3 MiB, 46068 MiB, 25.46 W
2026/04/24 08:30:21.287, 0 %, 0 %, 3 MiB, 46068 MiB, 25.36 W
2026/04/24 08:30:31.288, 0 %, 0 %, 3 MiB, 46068 MiB, 24.62 W
2026/04/24 08:30:41.289, 0 %, 0 %, 3 MiB, 46068 MiB, 25.50 W
2026/04/24 08:30:51.290, 0 %, 0 %, 3 MiB, 46068 MiB, 23.37 W
2026/04/24 08:31:01.291, 0 %, 0 %, 3 MiB, 46068 MiB, 25.58 W
2026/04/24 08:31:11.292, 0 %, 0 %, 3 MiB, 46068 MiB, 26.34 W
2026/04/24 08:31:21.293, 0 %, 0 %, 3 MiB, 46068 MiB, 24.24 W
2026/04/24 08:31:31.294, 0 %, 2 %, 3 MiB, 46068 MiB, 23.63 W
2026/04/24 08:31:41.295, 0 %, 0 %, 3 MiB, 46068 MiB, 24.60 W
2026/04/24 08:31:51.296, 0 %, 0 %, 3 MiB, 46068 MiB, 25.00 W
2026/04/24 08:32:01.297, 0 %, 0 %, 3 MiB, 46068 MiB, 27.59 W
2026/04/24 08:32:11.298, 0 %, 0 %, 3 MiB, 46068 MiB, 24.98 W
2026/04/24 08:32:21.299, 0 %, 0 %, 3 MiB, 46068 MiB, 24.51 W
2026/04/24 08:32:31.300, 0 %, 0 %, 3 MiB, 46068 MiB, 25.99 W
2026/04/24 08:32:41.301, 0 %, 0 %, 3 MiB, 46068 MiB, 24.98 W
2026/04/24 08:32:51.302, 0 %, 0 %, 3 MiB, 46068 MiB, 25.83 W
2026/04/24 08:33:01.303, 0 %, 0 %, 3 MiB, 46068 MiB, 24.12 W
2026/04/24 08:33:11.304, 0 %, 0 %, 3 MiB, 46068 MiB, 24.74 W
2026/04/24 08:33:21.305, 0 %, 0 %, 3 MiB, 46068 MiB, 25.24 W
2026/04/24 08:33:31.306, 0 %, 0 %, 3 MiB, 46068 MiB, 25.73 W
2026/04/24 08:33:41.307, 0 %, 0 %, 3 MiB, 46068 MiB, 24.49 W
2026/04/24 08:33:51.308, 0 %, 0 %, 3 MiB, 46068 MiB, 26.48 W
2026/04/24 08:34:01.309, 0 %, 0 %, 3 MiB, 46068 MiB, 25.38 W
2026/04/24 08:34:11.310, 0 %, 0 %, 3 MiB, 46068 MiB, 25.09 W
2026/04/24 08:34:21.311, 0 %, 0 %, 3 MiB, 46068 MiB, 23.39 W
2026/04/24 08:34:31.312, 0 %, 0 %, 3 MiB, 46068 MiB, 26.30 W
2026/04/24 08:34:41.313, 0 %, 0 %, 3 MiB, 46068 MiB, 25.34 W
2026/04/24 08:34:51.314, 0 %, 0 %, 3 MiB, 46068 MiB, 25.45 W
2026/04/24 08:35:01.315, 0 %, 0 %, 3 MiB, 46068 MiB, 24.25 W
2026/04/24 08:35:11.316, 0 %, 0 %, 3 MiB, 46068 MiB, 25.74 W
2026/04/24 08:35:21.317, 0 %, 0 %, 3 MiB, 46068 MiB, 25.75 W
2026/04/24 08:35:31.318, 0 %, 1 %, 3 MiB, 46068 MiB, 25.69 W
2026/04/24 08:35:41.319, 0 %, 0 %, 3 MiB, 46068 MiB, 24.82 W
2026/04/24 08:35:51.320, 0 %, 0 %, 3 MiB, 46068 MiB, 25.36 W
2026/04/24 08:36:01.321, 0 %, 0 %, 3 MiB, 46068 MiB, 25.31 W
2026/04/24 08:36:11.322, 0 %, 0 %, 3 MiB, 46068 MiB, 26.55 W
2026/04/24 08:36:21.323, 0 %, 0 %, 3 MiB, 46068 MiB, 25.12 W
2026/04/24 08:36:31.324, 0 %, 0 %, 3 MiB, 46068 MiB, 24.98 W
2026/04/24 08:36:41.325, 0 %, 0 %, 3 MiB, 46068 MiB, 25.24 W
2026/04/24 08:36:51.326, 0 %, 0 %, 3 MiB, 46068 MiB, 25.50 W
2026/04/24 08:37:01.327, 0 %, 0 %, 3 MiB, 46068 MiB, 25.10 W
2026/04/24 08:37:11.328, 0 %, 0 %, 3 MiB, 46068 MiB, 24.74 W
2026/04/24 08:37:21.329, 0 %, 0 %, 3 MiB, 46068 MiB, 27.20 W
2026/04/24 08:37:31.329, 0 %, 0 %, 3 MiB, 46068 MiB, 24.98 W
2026/04/24 08:37:41.331, 0 %, 0 %, 3 MiB, 46068 MiB, 25.11 W
2026/04/24 08:37:51.332, 0 %, 0 %, 3 MiB, 46068 MiB, 26.60 W
2026/04/24 08:38:01.333, 0 %, 0 %, 3 MiB, 46068 MiB, 24.50 W
2026/04/24 08:38:11.334, 0 %, 0 %, 3 MiB, 46068 MiB, 25.86 W
2026/04/24 08:38:21.335, 0 %, 0 %, 3 MiB, 46068 MiB, 26.35 W
2026/04/24 08:38:31.336, 0 %, 0 %, 3 MiB, 46068 MiB, 23.87 W
2026/04/24 08:38:41.337, 0 %, 0 %, 3 MiB, 46068 MiB, 25.34 W
2026/04/24 08:38:51.338, 0 %, 0 %, 3 MiB, 46068 MiB, 25.23 W
2026/04/24 08:39:01.339, 0 %, 3 %, 3 MiB, 46068 MiB, 25.46 W
2026/04/24 08:39:11.340, 0 %, 0 %, 3 MiB, 46068 MiB, 24.73 W
2026/04/24 08:39:21.341, 0 %, 0 %, 3 MiB, 46068 MiB, 24.74 W
2026/04/24 08:39:31.342, 0 %, 2 %, 3 MiB, 46068 MiB, 25.23 W
2026/04/24 08:39:41.343, 0 %, 0 %, 3 MiB, 46068 MiB, 25.24 W
2026/04/24 08:39:51.344, 0 %, 0 %, 3 MiB, 46068 MiB, 25.12 W
2026/04/24 08:40:01.350, 0 %, 0 %, 3 MiB, 46068 MiB, 26.09 W
2026/04/24 08:40:11.351, 0 %, 0 %, 3 MiB, 46068 MiB, 23.89 W
2026/04/24 08:40:21.352, 0 %, 0 %, 3 MiB, 46068 MiB, 24.00 W
2026/04/24 08:40:31.353, 0 %, 0 %, 3 MiB, 46068 MiB, 25.10 W
2026/04/24 08:40:41.354, 0 %, 0 %, 3 MiB, 46068 MiB, 27.68 W
2026/04/24 08:40:51.355, 0 %, 0 %, 3 MiB, 46068 MiB, 24.36 W
2026/04/24 08:41:01.356, 0 %, 2 %, 3 MiB, 46068 MiB, 24.12 W
2026/04/24 08:41:11.357, 0 %, 0 %, 3 MiB, 46068 MiB, 25.98 W
2026/04/24 08:41:21.358, 0 %, 1 %, 3 MiB, 46068 MiB, 26.48 W
2026/04/24 08:41:31.359, 0 %, 0 %, 3 MiB, 46068 MiB, 26.34 W
2026/04/24 08:41:41.360, 0 %, 0 %, 3 MiB, 46068 MiB, 25.85 W
2026/04/24 08:41:51.361, 0 %, 0 %, 3 MiB, 46068 MiB, 24.62 W
2026/04/24 08:42:01.362, 0 %, 0 %, 3 MiB, 46068 MiB, 25.83 W
2026/04/24 08:42:11.362, 0 %, 0 %, 3 MiB, 46068 MiB, 24.97 W
2026/04/24 08:42:21.363, 0 %, 0 %, 3 MiB, 46068 MiB, 24.98 W
2026/04/24 08:42:31.364, 0 %, 0 %, 3 MiB, 46068 MiB, 25.36 W
2026/04/24 08:42:41.365, 0 %, 0 %, 3 MiB, 46068 MiB, 26.59 W
2026/04/24 08:42:51.366, 0 %, 0 %, 3 MiB, 46068 MiB, 24.34 W
2026/04/24 08:43:01.367, 0 %, 0 %, 3 MiB, 46068 MiB, 24.95 W
2026/04/24 08:43:11.368, 0 %, 0 %, 3 MiB, 46068 MiB, 24.96 W
2026/04/24 08:43:21.369, 0 %, 0 %, 3 MiB, 46068 MiB, 25.71 W
2026/04/24 08:43:31.370, 0 %, 0 %, 3 MiB, 46068 MiB, 24.84 W
2026/04/24 08:43:41.371, 0 %, 0 %, 3 MiB, 46068 MiB, 23.86 W
2026/04/24 08:43:51.372, 0 %, 0 %, 3 MiB, 46068 MiB, 25.47 W
2026/04/24 08:44:01.373, 0 %, 0 %, 3 MiB, 46068 MiB, 25.36 W
2026/04/24 08:44:11.374, 0 %, 0 %, 3 MiB, 46068 MiB, 25.00 W
2026/04/24 08:44:21.375, 0 %, 0 %, 3 MiB, 46068 MiB, 26.19 W
2026/04/24 08:44:31.376, 0 %, 0 %, 3 MiB, 46068 MiB, 23.89 W
2026/04/24 08:44:41.377, 0 %, 0 %, 3 MiB, 46068 MiB, 25.50 W
2026/04/24 08:44:51.378, 0 %, 0 %, 3 MiB, 46068 MiB, 24.50 W
2026/04/24 08:45:01.379, 0 %, 0 %, 3 MiB, 46068 MiB, 27.55 W
2026/04/24 08:45:11.380, 0 %, 0 %, 3 MiB, 46068 MiB, 24.24 W
2026/04/24 08:45:21.381, 0 %, 0 %, 3 MiB, 46068 MiB, 26.10 W
2026/04/24 08:45:31.382, 0 %, 0 %, 3 MiB, 46068 MiB, 25.10 W
2026/04/24 08:45:41.383, 0 %, 0 %, 3 MiB, 46068 MiB, 24.86 W
2026/04/24 08:45:51.384, 0 %, 0 %, 3 MiB, 46068 MiB, 24.86 W
2026/04/24 08:46:01.385, 0 %, 0 %, 3 MiB, 46068 MiB, 25.73 W
2026/04/24 08:46:11.386, 0 %, 0 %, 3 MiB, 46068 MiB, 24.12 W
2026/04/24 08:46:21.387, 0 %, 0 %, 3 MiB, 46068 MiB, 25.83 W
2026/04/24 08:46:31.388, 0 %, 0 %, 3 MiB, 46068 MiB, 25.70 W
2026/04/24 08:46:41.389, 0 %, 0 %, 3 MiB, 46068 MiB, 27.57 W
2026/04/24 08:46:51.390, 0 %, 0 %, 3 MiB, 46068 MiB, 25.12 W
2026/04/24 08:47:01.391, 0 %, 0 %, 3 MiB, 46068 MiB, 53.96 W
2026/04/24 08:47:11.392, 0 %, 0 %, 3 MiB, 46068 MiB, 25.62 W
2026/04/24 08:47:21.393, 0 %, 0 %, 3 MiB, 46068 MiB, 26.11 W
2026/04/24 08:47:31.394, 0 %, 0 %, 3 MiB, 46068 MiB, 25.61 W
2026/04/24 08:47:41.395, 0 %, 0 %, 3 MiB, 46068 MiB, 25.34 W
2026/04/24 08:47:51.396, 0 %, 1 %, 3 MiB, 46068 MiB, 25.98 W
2026/04/24 08:48:01.397, 0 %, 0 %, 3 MiB, 46068 MiB, 26.35 W
2026/04/24 08:48:11.398, 0 %, 0 %, 3 MiB, 46068 MiB, 25.61 W
2026/04/24 08:48:21.399, 0 %, 0 %, 3 MiB, 46068 MiB, 24.85 W
2026/04/24 08:48:31.400, 0 %, 0 %, 3 MiB, 46068 MiB, 26.95 W
2026/04/24 08:48:41.401, 0 %, 0 %, 3 MiB, 46068 MiB, 25.36 W
2026/04/24 08:48:51.402, 0 %, 0 %, 3 MiB, 46068 MiB, 25.33 W
2026/04/24 08:49:01.403, 0 %, 0 %, 3 MiB, 46068 MiB, 25.56 W
2026/04/24 08:49:11.404, 0 %, 0 %, 3 MiB, 46068 MiB, 25.35 W
2026/04/24 08:49:21.405, 0 %, 0 %, 3 MiB, 46068 MiB, 24.00 W
2026/04/24 08:49:31.406, 0 %, 0 %, 3 MiB, 46068 MiB, 24.83 W
2026/04/24 08:49:41.407, 0 %, 0 %, 3 MiB, 46068 MiB, 24.87 W
2026/04/24 08:49:51.408, 0 %, 0 %, 3 MiB, 46068 MiB, 25.36 W
2026/04/24 08:50:01.409, 0 %, 0 %, 3 MiB, 46068 MiB, 24.86 W
2026/04/24 08:50:11.411, 0 %, 0 %, 3 MiB, 46068 MiB, 25.60 W
2026/04/24 08:50:21.412, 0 %, 0 %, 3 MiB, 46068 MiB, 25.60 W
2026/04/24 08:50:31.413, 0 %, 0 %, 3 MiB, 46068 MiB, 25.70 W
2026/04/24 08:50:41.414, 0 %, 0 %, 3 MiB, 46068 MiB, 27.06 W
2026/04/24 08:50:51.415, 0 %, 0 %, 3 MiB, 46068 MiB, 25.49 W
2026/04/24 08:51:01.416, 0 %, 0 %, 3 MiB, 46068 MiB, 24.71 W
2026/04/24 08:51:11.417, 0 %, 0 %, 3 MiB, 46068 MiB, 24.94 W
2026/04/24 08:51:21.418, 0 %, 0 %, 3 MiB, 46068 MiB, 24.87 W
2026/04/24 08:51:31.419, 0 %, 0 %, 3 MiB, 46068 MiB, 24.35 W
2026/04/24 08:51:41.420, 0 %, 0 %, 3 MiB, 46068 MiB, 25.85 W
2026/04/24 08:51:51.421, 0 %, 0 %, 3 MiB, 46068 MiB, 26.46 W
2026/04/24 08:52:01.422, 0 %, 0 %, 3 MiB, 46068 MiB, 25.59 W
2026/04/24 08:52:11.423, 0 %, 0 %, 3 MiB, 46068 MiB, 24.37 W
2026/04/24 08:52:21.424, 0 %, 0 %, 3 MiB, 46068 MiB, 25.97 W
2026/04/24 08:52:31.425, 0 %, 0 %, 3 MiB, 46068 MiB, 26.34 W
2026/04/24 08:52:41.426, 0 %, 0 %, 3 MiB, 46068 MiB, 25.62 W
2026/04/24 08:52:51.427, 0 %, 0 %, 3 MiB, 46068 MiB, 25.36 W
2026/04/24 08:53:01.428, 0 %, 1 %, 3 MiB, 46068 MiB, 25.62 W
2026/04/24 08:53:11.429, 0 %, 0 %, 3 MiB, 46068 MiB, 24.49 W
2026/04/24 08:53:21.430, 0 %, 0 %, 3 MiB, 46068 MiB, 25.58 W
2026/04/24 08:53:31.431, 0 %, 0 %, 3 MiB, 46068 MiB, 23.61 W
2026/04/24 08:53:41.432, 0 %, 0 %, 3 MiB, 46068 MiB, 27.10 W
2026/04/24 08:53:51.433, 0 %, 0 %, 3 MiB, 46068 MiB, 25.37 W
2026/04/24 08:54:01.434, 0 %, 0 %, 3 MiB, 46068 MiB, 25.11 W
2026/04/24 08:54:11.435, 0 %, 0 %, 3 MiB, 46068 MiB, 26.58 W
2026/04/24 08:54:21.436, 0 %, 0 %, 3 MiB, 46068 MiB, 25.86 W
2026/04/24 08:54:31.437, 0 %, 0 %, 3 MiB, 46068 MiB, 25.10 W
2026/04/24 08:54:41.438, 0 %, 0 %, 3 MiB, 46068 MiB, 26.11 W
2026/04/24 08:54:51.439, 0 %, 0 %, 3 MiB, 46068 MiB, 24.62 W
2026/04/24 08:55:01.440, 0 %, 0 %, 3 MiB, 46068 MiB, 24.00 W
2026/04/24 08:55:11.441, 0 %, 0 %, 3 MiB, 46068 MiB, 25.73 W
2026/04/24 08:55:21.442, 0 %, 0 %, 3 MiB, 46068 MiB, 25.73 W
2026/04/24 08:55:31.443, 0 %, 0 %, 3 MiB, 46068 MiB, 24.87 W
2026/04/24 08:55:41.444, 0 %, 0 %, 3 MiB, 46068 MiB, 25.50 W
2026/04/24 08:55:51.445, 0 %, 1 %, 3 MiB, 46068 MiB, 26.58 W
2026/04/24 08:56:01.446, 0 %, 0 %, 3 MiB, 46068 MiB, 25.98 W
2026/04/24 08:56:11.447, 0 %, 0 %, 3 MiB, 46068 MiB, 25.73 W
2026/04/24 08:56:21.448, 0 %, 0 %, 3 MiB, 46068 MiB, 24.62 W
2026/04/24 08:56:31.449, 0 %, 0 %, 3 MiB, 46068 MiB, 24.61 W
2026/04/24 08:56:41.450, 0 %, 0 %, 3 MiB, 46068 MiB, 25.58 W
2026/04/24 08:56:51.451, 0 %, 0 %, 3 MiB, 46068 MiB, 25.42 W
2026/04/24 08:57:01.452, 0 %, 0 %, 3 MiB, 46068 MiB, 24.87 W
2026/04/24 08:57:11.453, 0 %, 0 %, 3 MiB, 46068 MiB, 24.49 W
2026/04/24 08:57:21.454, 0 %, 0 %, 3 MiB, 46068 MiB, 25.00 W
2026/04/24 08:57:31.455, 0 %, 0 %, 3 MiB, 46068 MiB, 26.58 W
2026/04/24 08:57:41.456, 0 %, 0 %, 3 MiB, 46068 MiB, 26.59 W
2026/04/24 08:57:51.457, 0 %, 0 %, 3 MiB, 46068 MiB, 26.35 W
2026/04/24 08:58:01.458, 0 %, 0 %, 3 MiB, 46068 MiB, 23.24 W
2026/04/24 08:58:11.459, 0 %, 0 %, 3 MiB, 46068 MiB, 23.62 W
2026/04/24 08:58:21.460, 0 %, 0 %, 3 MiB, 46068 MiB, 25.00 W
2026/04/24 08:58:31.461, 0 %, 0 %, 3 MiB, 46068 MiB, 25.37 W
2026/04/24 08:58:41.462, 0 %, 0 %, 3 MiB, 46068 MiB, 24.65 W
2026/04/24 08:58:51.463, 0 %, 0 %, 3 MiB, 46068 MiB, 24.89 W
2026/04/24 08:59:01.464, 0 %, 0 %, 3 MiB, 46068 MiB, 25.26 W
2026/04/24 08:59:11.465, 0 %, 0 %, 3 MiB, 46068 MiB, 25.37 W
2026/04/24 08:59:21.466, 0 %, 0 %, 3 MiB, 46068 MiB, 25.02 W
2026/04/24 08:59:31.466, 0 %, 0 %, 3 MiB, 46068 MiB, 25.14 W
2026/04/24 08:59:41.467, 0 %, 0 %, 3 MiB, 46068 MiB, 27.09 W
2026/04/24 08:59:51.468, 0 %, 0 %, 3 MiB, 46068 MiB, 25.14 W
2026/04/24 09:00:01.469, 0 %, 0 %, 3 MiB, 46068 MiB, 25.26 W
2026/04/24 09:00:11.471, 0 %, 0 %, 3 MiB, 46068 MiB, 25.75 W
2026/04/24 09:00:21.472, 0 %, 0 %, 3 MiB, 46068 MiB, 25.50 W
2026/04/24 09:00:31.473, 0 %, 0 %, 3 MiB, 46068 MiB, 25.01 W
2026/04/24 09:00:41.474, 0 %, 0 %, 3 MiB, 46068 MiB, 25.63 W
2026/04/24 09:00:51.475, 0 %, 0 %, 3 MiB, 46068 MiB, 25.01 W
2026/04/24 09:01:01.476, 0 %, 0 %, 3 MiB, 46068 MiB, 24.89 W
2026/04/24 09:01:11.477, 0 %, 0 %, 3 MiB, 46068 MiB, 25.87 W
2026/04/24 09:01:21.478, 0 %, 0 %, 3 MiB, 46068 MiB, 27.09 W
2026/04/24 09:01:31.479, 0 %, 0 %, 3 MiB, 46068 MiB, 25.01 W
2026/04/24 09:01:41.480, 0 %, 2 %, 3 MiB, 46068 MiB, 25.26 W
2026/04/24 09:01:51.481, 0 %, 0 %, 3 MiB, 46068 MiB, 25.50 W
2026/04/24 09:02:01.482, 0 %, 0 %, 3 MiB, 46068 MiB, 25.26 W
2026/04/24 09:02:11.483, 0 %, 0 %, 3 MiB, 46068 MiB, 27.09 W
2026/04/24 09:02:21.484, 0 %, 0 %, 3 MiB, 46068 MiB, 25.01 W
2026/04/24 09:02:31.485, 0 %, 0 %, 3 MiB, 46068 MiB, 25.26 W
2026/04/24 09:02:41.486, 0 %, 0 %, 3 MiB, 46068 MiB, 25.75 W
2026/04/24 09:02:51.487, 0 %, 0 %, 3 MiB, 46068 MiB, 24.77 W
2026/04/24 09:03:01.488, 0 %, 0 %, 3 MiB, 46068 MiB, 25.26 W
2026/04/24 09:03:11.489, 0 %, 0 %, 3 MiB, 46068 MiB, 25.99 W
2026/04/24 09:03:21.490, 0 %, 0 %, 3 MiB, 46068 MiB, 23.67 W
2026/04/24 09:03:31.491, 0 %, 0 %, 3 MiB, 46068 MiB, 25.50 W
2026/04/24 09:03:41.492, 0 %, 0 %, 3 MiB, 46068 MiB, 25.01 W
2026/04/24 09:03:51.493, 0 %, 0 %, 3 MiB, 46068 MiB, 27.33 W
2026/04/24 09:04:01.494, 0 %, 0 %, 3 MiB, 46068 MiB, 25.51 W
2026/04/24 09:04:11.495, 0 %, 0 %, 3 MiB, 46068 MiB, 25.50 W
2026/04/24 09:04:21.496, 0 %, 0 %, 3 MiB, 46068 MiB, 25.87 W
2026/04/24 09:04:31.497, 0 %, 0 %, 3 MiB, 46068 MiB, 25.14 W
2026/04/24 09:04:41.498, 0 %, 0 %, 3 MiB, 46068 MiB, 24.89 W
2026/04/24 09:04:51.499, 0 %, 0 %, 3 MiB, 46068 MiB, 25.51 W
2026/04/24 09:05:01.500, 0 %, 0 %, 3 MiB, 46068 MiB, 24.16 W
2026/04/24 09:05:11.501, 0 %, 0 %, 3 MiB, 46068 MiB, 25.02 W
2026/04/24 09:05:21.502, 0 %, 0 %, 3 MiB, 46068 MiB, 24.77 W
2026/04/24 09:05:31.503, 0 %, 0 %, 3 MiB, 46068 MiB, 27.09 W
2026/04/24 09:05:41.504, 0 %, 0 %, 3 MiB, 46068 MiB, 25.38 W
2026/04/24 09:05:51.505, 0 %, 0 %, 3 MiB, 46068 MiB, 25.14 W
2026/04/24 09:06:01.506, 0 %, 0 %, 3 MiB, 46068 MiB, 25.63 W
2026/04/24 09:06:11.507, 0 %, 0 %, 3 MiB, 46068 MiB, 25.14 W
2026/04/24 09:06:21.508, 0 %, 0 %, 3 MiB, 46068 MiB, 24.77 W
2026/04/24 09:06:31.509, 0 %, 0 %, 3 MiB, 46068 MiB, 25.26 W
2026/04/24 09:06:41.510, 0 %, 0 %, 3 MiB, 46068 MiB, 24.89 W
2026/04/24 09:06:51.511, 0 %, 0 %, 3 MiB, 46068 MiB, 25.14 W
2026/04/24 09:07:01.512, 0 %, 0 %, 3 MiB, 46068 MiB, 25.39 W
2026/04/24 09:07:11.513, 0 %, 0 %, 3 MiB, 46068 MiB, 24.90 W
2026/04/24 09:07:21.514, 0 %, 0 %, 3 MiB, 46068 MiB, 24.89 W
2026/04/24 09:07:31.515, 0 %, 0 %, 3 MiB, 46068 MiB, 25.01 W
2026/04/24 09:07:41.516, 0 %, 0 %, 3 MiB, 46068 MiB, 25.51 W
2026/04/24 09:07:51.517, 0 %, 0 %, 3 MiB, 46068 MiB, 26.11 W
2026/04/24 09:08:01.518, 0 %, 0 %, 3 MiB, 46068 MiB, 25.63 W
2026/04/24 09:08:11.519, 0 %, 0 %, 3 MiB, 46068 MiB, 25.63 W
2026/04/24 09:08:21.520, 0 %, 0 %, 3 MiB, 46068 MiB, 26.97 W
2026/04/24 09:08:31.521, 0 %, 0 %, 3 MiB, 46068 MiB, 26.00 W
2026/04/24 09:08:41.522, 0 %, 0 %, 3 MiB, 46068 MiB, 26.23 W
2026/04/24 09:08:51.523, 0 %, 0 %, 3 MiB, 46068 MiB, 24.90 W
2026/04/24 09:09:01.524, 0 %, 0 %, 3 MiB, 46068 MiB, 25.13 W
2026/04/24 09:09:11.525, 0 %, 0 %, 3 MiB, 46068 MiB, 24.65 W
2026/04/24 09:09:21.526, 0 %, 0 %, 3 MiB, 46068 MiB, 25.74 W
2026/04/24 09:09:31.527, 0 %, 0 %, 3 MiB, 46068 MiB, 25.63 W
2026/04/24 09:09:41.528, 0 %, 0 %, 3 MiB, 46068 MiB, 24.77 W
2026/04/24 09:09:51.529, 0 %, 0 %, 3 MiB, 46068 MiB, 24.77 W
2026/04/24 09:10:01.530, 0 %, 0 %, 3 MiB, 46068 MiB, 25.86 W
2026/04/24 09:10:11.532, 0 %, 0 %, 3 MiB, 46068 MiB, 24.88 W
2026/04/24 09:10:21.533, 0 %, 0 %, 3 MiB, 46068 MiB, 24.53 W
2026/04/24 09:10:31.534, 0 %, 0 %, 3 MiB, 46068 MiB, 25.38 W
2026/04/24 09:10:41.535, 0 %, 0 %, 3 MiB, 46068 MiB, 25.14 W
2026/04/24 09:10:51.536, 0 %, 0 %, 3 MiB, 46068 MiB, 25.14 W
2026/04/24 09:11:01.537, 0 %, 0 %, 3 MiB, 46068 MiB, 25.14 W
2026/04/24 09:11:11.538, 0 %, 0 %, 3 MiB, 46068 MiB, 26.72 W
2026/04/24 09:11:21.539, 0 %, 0 %, 3 MiB, 46068 MiB, 25.02 W
2026/04/24 09:11:31.540, 0 %, 0 %, 3 MiB, 46068 MiB, 25.26 W
2026/04/24 09:11:41.541, 0 %, 0 %, 3 MiB, 46068 MiB, 26.36 W
2026/04/24 09:11:51.542, 0 %, 0 %, 3 MiB, 46068 MiB, 25.38 W
2026/04/24 09:12:01.543, 0 %, 0 %, 3 MiB, 46068 MiB, 25.26 W
2026/04/24 09:12:11.544, 0 %, 0 %, 3 MiB, 46068 MiB, 24.65 W
2026/04/24 09:12:21.545, 0 %, 0 %, 3 MiB, 46068 MiB, 25.62 W
2026/04/24 09:12:31.546, 0 %, 0 %, 3 MiB, 46068 MiB, 26.25 W
2026/04/24 09:12:41.547, 0 %, 0 %, 3 MiB, 46068 MiB, 24.77 W
2026/04/24 09:12:51.548, 0 %, 0 %, 3 MiB, 46068 MiB, 25.26 W
2026/04/24 09:13:01.549, 0 %, 0 %, 3 MiB, 46068 MiB, 25.63 W
2026/04/24 09:13:11.550, 0 %, 0 %, 3 MiB, 46068 MiB, 25.26 W
2026/04/24 09:13:21.551, 0 %, 0 %, 3 MiB, 46068 MiB, 24.89 W
2026/04/24 09:13:31.552, 0 %, 0 %, 3 MiB, 46068 MiB, 25.14 W
2026/04/24 09:13:41.553, 0 %, 0 %, 3 MiB, 46068 MiB, 24.77 W
2026/04/24 09:13:51.554, 0 %, 0 %, 3 MiB, 46068 MiB, 24.77 W
2026/04/24 09:14:01.555, 0 %, 0 %, 3 MiB, 46068 MiB, 25.14 W
2026/04/24 09:14:11.556, 0 %, 0 %, 3 MiB, 46068 MiB, 26.73 W
2026/04/24 09:14:21.557, 0 %, 0 %, 3 MiB, 46068 MiB, 24.90 W
2026/04/24 09:14:31.558, 0 %, 0 %, 3 MiB, 46068 MiB, 24.76 W
2026/04/24 09:14:41.559, 0 %, 0 %, 3 MiB, 46068 MiB, 25.86 W
2026/04/24 09:14:51.560, 0 %, 0 %, 3 MiB, 46068 MiB, 25.14 W
2026/04/24 09:15:01.561, 0 %, 0 %, 3 MiB, 46068 MiB, 25.01 W
2026/04/24 09:15:11.562, 0 %, 0 %, 3 MiB, 46068 MiB, 25.75 W
2026/04/24 09:15:21.563, 0 %, 0 %, 3 MiB, 46068 MiB, 24.41 W
2026/04/24 09:15:31.564, 0 %, 0 %, 3 MiB, 46068 MiB, 24.52 W
2026/04/24 09:15:41.565, 0 %, 0 %, 3 MiB, 46068 MiB, 25.14 W
2026/04/24 09:15:51.565, 0 %, 0 %, 0 MiB, 46068 MiB, 26.25 W
2026/04/24 09:16:01.566, 0 %, 0 %, 0 MiB, 46068 MiB, 24.89 W
2026/04/24 09:16:11.567, 0 %, 0 %, 0 MiB, 46068 MiB, 25.26 W
2026/04/24 09:16:21.568, 0 %, 0 %, 591 MiB, 46068 MiB, 82.39 W
2026/04/24 09:16:31.569, 0 %, 0 %, 591 MiB, 46068 MiB, 82.77 W
2026/04/24 09:16:41.570, 30 %, 0 %, 623 MiB, 46068 MiB, 94.39 W
2026/04/24 09:16:51.571, 30 %, 0 %, 623 MiB, 46068 MiB, 94.90 W
2026/04/24 09:17:01.571, 30 %, 0 %, 623 MiB, 46068 MiB, 95.39 W
2026/04/24 09:17:11.572, 30 %, 0 %, 623 MiB, 46068 MiB, 96.00 W
2026/04/24 09:17:21.573, 30 %, 0 %, 623 MiB, 46068 MiB, 96.47 W
2026/04/24 09:17:31.574, 30 %, 0 %, 623 MiB, 46068 MiB, 97.70 W
2026/04/24 09:17:41.575, 30 %, 0 %, 623 MiB, 46068 MiB, 98.33 W
2026/04/24 09:17:51.575, 30 %, 0 %, 623 MiB, 46068 MiB, 98.48 W
2026/04/24 09:18:01.576, 30 %, 0 %, 623 MiB, 46068 MiB, 99.18 W
2026/04/24 09:18:11.577, 30 %, 0 %, 623 MiB, 46068 MiB, 99.47 W
2026/04/24 09:18:21.578, 30 %, 0 %, 623 MiB, 46068 MiB, 99.90 W
2026/04/24 09:18:31.579, 30 %, 0 %, 623 MiB, 46068 MiB, 100.38 W
2026/04/24 09:18:41.579, 30 %, 0 %, 623 MiB, 46068 MiB, 100.72 W
2026/04/24 09:18:51.580, 30 %, 0 %, 623 MiB, 46068 MiB, 100.89 W
2026/04/24 09:19:01.581, 30 %, 0 %, 623 MiB, 46068 MiB, 101.43 W
2026/04/24 09:19:11.582, 30 %, 0 %, 623 MiB, 46068 MiB, 101.72 W
2026/04/24 09:19:21.583, 30 %, 0 %, 623 MiB, 46068 MiB, 102.03 W
2026/04/24 09:19:31.584, 30 %, 0 %, 623 MiB, 46068 MiB, 102.34 W
2026/04/24 09:19:41.585, 30 %, 0 %, 623 MiB, 46068 MiB, 102.51 W
2026/04/24 09:19:51.586, 30 %, 0 %, 623 MiB, 46068 MiB, 102.87 W
2026/04/24 09:20:01.586, 30 %, 0 %, 623 MiB, 46068 MiB, 103.24 W
2026/04/24 09:20:11.587, 30 %, 0 %, 623 MiB, 46068 MiB, 103.45 W
2026/04/24 09:20:21.588, 30 %, 0 %, 623 MiB, 46068 MiB, 103.85 W
2026/04/24 09:20:31.589, 30 %, 0 %, 623 MiB, 46068 MiB, 103.88 W
2026/04/24 09:20:41.589, 30 %, 0 %, 623 MiB, 46068 MiB, 104.28 W
2026/04/24 09:20:51.590, 30 %, 0 %, 623 MiB, 46068 MiB, 104.37 W
2026/04/24 09:21:01.591, 30 %, 0 %, 623 MiB, 46068 MiB, 104.57 W
2026/04/24 09:21:11.592, 30 %, 0 %, 623 MiB, 46068 MiB, 104.79 W
2026/04/24 09:21:21.593, 30 %, 0 %, 623 MiB, 46068 MiB, 104.83 W
2026/04/24 09:21:31.594, 30 %, 0 %, 623 MiB, 46068 MiB, 105.19 W
2026/04/24 09:21:41.595, 30 %, 0 %, 623 MiB, 46068 MiB, 105.39 W
2026/04/24 09:21:51.596, 30 %, 0 %, 623 MiB, 46068 MiB, 105.39 W
2026/04/24 09:22:01.597, 30 %, 0 %, 623 MiB, 46068 MiB, 105.73 W
2026/04/24 09:22:11.598, 30 %, 0 %, 623 MiB, 46068 MiB, 105.74 W
2026/04/24 09:22:21.599, 30 %, 0 %, 623 MiB, 46068 MiB, 105.85 W
2026/04/24 09:22:31.600, 30 %, 0 %, 623 MiB, 46068 MiB, 106.05 W
2026/04/24 09:22:41.601, 30 %, 0 %, 623 MiB, 46068 MiB, 106.23 W
2026/04/24 09:22:51.602, 30 %, 0 %, 623 MiB, 46068 MiB, 106.34 W
2026/04/24 09:23:01.603, 30 %, 0 %, 623 MiB, 46068 MiB, 106.40 W
2026/04/24 09:23:11.604, 30 %, 0 %, 623 MiB, 46068 MiB, 106.39 W
2026/04/24 09:23:21.605, 30 %, 0 %, 623 MiB, 46068 MiB, 107.03 W
2026/04/24 09:23:31.606, 30 %, 0 %, 623 MiB, 46068 MiB, 106.72 W
2026/04/24 09:23:41.607, 30 %, 0 %, 623 MiB, 46068 MiB, 106.90 W
2026/04/24 09:23:51.608, 30 %, 0 %, 623 MiB, 46068 MiB, 107.36 W
2026/04/24 09:24:01.609, 30 %, 0 %, 623 MiB, 46068 MiB, 106.98 W
2026/04/24 09:24:11.610, 30 %, 0 %, 623 MiB, 46068 MiB, 107.00 W
2026/04/24 09:24:21.611, 30 %, 0 %, 623 MiB, 46068 MiB, 107.50 W
2026/04/24 09:24:31.612, 30 %, 0 %, 623 MiB, 46068 MiB, 107.68 W
2026/04/24 09:24:41.613, 30 %, 0 %, 623 MiB, 46068 MiB, 107.88 W
2026/04/24 09:24:51.614, 30 %, 0 %, 623 MiB, 46068 MiB, 107.68 W
2026/04/24 09:25:01.615, 30 %, 0 %, 623 MiB, 46068 MiB, 107.74 W
2026/04/24 09:25:11.616, 30 %, 0 %, 623 MiB, 46068 MiB, 107.86 W
2026/04/24 09:25:21.617, 30 %, 0 %, 623 MiB, 46068 MiB, 108.15 W
2026/04/24 09:25:31.618, 30 %, 0 %, 623 MiB, 46068 MiB, 108.38 W
2026/04/24 09:25:41.619, 30 %, 0 %, 623 MiB, 46068 MiB, 108.18 W
2026/04/24 09:25:51.620, 30 %, 0 %, 623 MiB, 46068 MiB, 108.13 W
2026/04/24 09:26:01.621, 30 %, 0 %, 623 MiB, 46068 MiB, 108.42 W
2026/04/24 09:26:11.622, 30 %, 0 %, 623 MiB, 46068 MiB, 108.54 W
2026/04/24 09:26:21.623, 30 %, 0 %, 623 MiB, 46068 MiB, 108.70 W
2026/04/24 09:26:31.624, 30 %, 0 %, 623 MiB, 46068 MiB, 108.56 W
2026/04/24 09:26:41.625, 30 %, 0 %, 623 MiB, 46068 MiB, 108.55 W
2026/04/24 09:26:51.627, 30 %, 0 %, 623 MiB, 46068 MiB, 108.71 W
2026/04/24 09:27:01.628, 30 %, 0 %, 623 MiB, 46068 MiB, 108.68 W
2026/04/24 09:27:11.629, 30 %, 0 %, 623 MiB, 46068 MiB, 108.83 W
2026/04/24 09:27:21.630, 30 %, 0 %, 623 MiB, 46068 MiB, 108.87 W
2026/04/24 09:27:31.631, 30 %, 0 %, 623 MiB, 46068 MiB, 108.82 W
2026/04/24 09:27:41.632, 30 %, 0 %, 623 MiB, 46068 MiB, 109.00 W
2026/04/24 09:27:51.633, 30 %, 0 %, 623 MiB, 46068 MiB, 109.02 W
2026/04/24 09:28:01.634, 30 %, 0 %, 623 MiB, 46068 MiB, 109.06 W
2026/04/24 09:28:11.635, 30 %, 0 %, 623 MiB, 46068 MiB, 109.10 W
2026/04/24 09:28:21.636, 30 %, 0 %, 623 MiB, 46068 MiB, 109.19 W
2026/04/24 09:28:31.637, 30 %, 0 %, 623 MiB, 46068 MiB, 109.25 W
2026/04/24 09:28:41.638, 30 %, 0 %, 623 MiB, 46068 MiB, 109.35 W
2026/04/24 09:28:51.639, 30 %, 0 %, 623 MiB, 46068 MiB, 109.35 W
2026/04/24 09:29:01.640, 30 %, 0 %, 623 MiB, 46068 MiB, 109.31 W
2026/04/24 09:29:11.641, 30 %, 0 %, 623 MiB, 46068 MiB, 109.41 W
2026/04/24 09:29:21.641, 30 %, 0 %, 623 MiB, 46068 MiB, 109.41 W
2026/04/24 09:29:31.642, 30 %, 0 %, 623 MiB, 46068 MiB, 109.49 W
2026/04/24 09:29:41.643, 30 %, 0 %, 623 MiB, 46068 MiB, 109.28 W
2026/04/24 09:29:51.644, 30 %, 0 %, 623 MiB, 46068 MiB, 109.61 W
2026/04/24 09:30:01.645, 30 %, 0 %, 623 MiB, 46068 MiB, 109.55 W
2026/04/24 09:30:11.646, 30 %, 0 %, 623 MiB, 46068 MiB, 109.58 W
2026/04/24 09:30:21.647, 30 %, 0 %, 623 MiB, 46068 MiB, 109.48 W
2026/04/24 09:30:31.647, 30 %, 0 %, 623 MiB, 46068 MiB, 109.73 W
2026/04/24 09:30:41.648, 30 %, 0 %, 623 MiB, 46068 MiB, 109.60 W
2026/04/24 09:30:51.649, 30 %, 0 %, 623 MiB, 46068 MiB, 109.77 W
2026/04/24 09:31:01.650, 30 %, 0 %, 623 MiB, 46068 MiB, 109.96 W
2026/04/24 09:31:11.651, 30 %, 0 %, 623 MiB, 46068 MiB, 108.55 W
2026/04/24 09:31:21.652, 30 %, 0 %, 623 MiB, 46068 MiB, 109.58 W
2026/04/24 09:31:31.653, 30 %, 0 %, 623 MiB, 46068 MiB, 109.78 W
2026/04/24 09:31:41.654, 30 %, 0 %, 623 MiB, 46068 MiB, 109.77 W
2026/04/24 09:31:51.655, 30 %, 0 %, 623 MiB, 46068 MiB, 109.64 W
2026/04/24 09:32:01.655, 30 %, 0 %, 623 MiB, 46068 MiB, 109.68 W
2026/04/24 09:32:11.656, 30 %, 0 %, 623 MiB, 46068 MiB, 109.91 W
2026/04/24 09:32:21.657, 30 %, 0 %, 623 MiB, 46068 MiB, 109.97 W
2026/04/24 09:32:31.658, 30 %, 0 %, 623 MiB, 46068 MiB, 109.80 W
2026/04/24 09:32:41.659, 30 %, 0 %, 623 MiB, 46068 MiB, 109.90 W
2026/04/24 09:32:51.660, 30 %, 0 %, 623 MiB, 46068 MiB, 110.07 W
2026/04/24 09:33:01.660, 30 %, 0 %, 623 MiB, 46068 MiB, 109.89 W
2026/04/24 09:33:11.661, 30 %, 0 %, 623 MiB, 46068 MiB, 109.95 W
2026/04/24 09:33:21.662, 30 %, 0 %, 623 MiB, 46068 MiB, 109.88 W
2026/04/24 09:33:31.663, 30 %, 0 %, 623 MiB, 46068 MiB, 109.84 W
2026/04/24 09:33:41.664, 30 %, 0 %, 623 MiB, 46068 MiB, 110.11 W
2026/04/24 09:33:51.665, 30 %, 0 %, 623 MiB, 46068 MiB, 110.06 W
2026/04/24 09:34:01.666, 30 %, 0 %, 623 MiB, 46068 MiB, 109.89 W
2026/04/24 09:34:11.667, 30 %, 0 %, 623 MiB, 46068 MiB, 110.01 W
2026/04/24 09:34:21.668, 30 %, 0 %, 623 MiB, 46068 MiB, 110.02 W
2026/04/24 09:34:31.669, 30 %, 0 %, 623 MiB, 46068 MiB, 110.11 W
2026/04/24 09:34:41.670, 30 %, 0 %, 623 MiB, 46068 MiB, 110.10 W
2026/04/24 09:34:51.670, 30 %, 0 %, 623 MiB, 46068 MiB, 109.95 W
2026/04/24 09:35:01.671, 30 %, 0 %, 623 MiB, 46068 MiB, 110.04 W
2026/04/24 09:35:11.672, 30 %, 0 %, 623 MiB, 46068 MiB, 110.15 W
2026/04/24 09:35:21.673, 30 %, 0 %, 623 MiB, 46068 MiB, 110.09 W
2026/04/24 09:35:31.674, 30 %, 0 %, 623 MiB, 46068 MiB, 109.92 W
2026/04/24 09:35:41.675, 30 %, 0 %, 623 MiB, 46068 MiB, 110.18 W
2026/04/24 09:35:51.676, 30 %, 0 %, 623 MiB, 46068 MiB, 110.06 W
2026/04/24 09:36:01.677, 30 %, 0 %, 623 MiB, 46068 MiB, 110.18 W
2026/04/24 09:36:11.678, 30 %, 0 %, 623 MiB, 46068 MiB, 110.18 W
2026/04/24 09:36:21.679, 30 %, 0 %, 623 MiB, 46068 MiB, 110.02 W
2026/04/24 09:36:31.680, 30 %, 0 %, 623 MiB, 46068 MiB, 110.10 W
2026/04/24 09:36:41.681, 30 %, 0 %, 623 MiB, 46068 MiB, 107.86 W
2026/04/24 09:36:51.682, 30 %, 0 %, 623 MiB, 46068 MiB, 110.20 W
2026/04/24 09:37:01.683, 30 %, 0 %, 623 MiB, 46068 MiB, 110.02 W
2026/04/24 09:37:11.684, 31 %, 0 %, 623 MiB, 46068 MiB, 110.16 W
2026/04/24 09:37:21.685, 30 %, 0 %, 623 MiB, 46068 MiB, 110.10 W
2026/04/24 09:37:31.686, 30 %, 0 %, 623 MiB, 46068 MiB, 110.03 W
2026/04/24 09:37:41.687, 30 %, 0 %, 623 MiB, 46068 MiB, 110.01 W
2026/04/24 09:37:51.688, 30 %, 0 %, 623 MiB, 46068 MiB, 110.08 W
2026/04/24 09:38:01.688, 30 %, 0 %, 623 MiB, 46068 MiB, 110.11 W
2026/04/24 09:38:11.689, 30 %, 0 %, 623 MiB, 46068 MiB, 110.10 W
2026/04/24 09:38:21.690, 30 %, 0 %, 623 MiB, 46068 MiB, 110.01 W
2026/04/24 09:38:31.691, 30 %, 0 %, 623 MiB, 46068 MiB, 110.15 W
2026/04/24 09:38:41.692, 30 %, 0 %, 623 MiB, 46068 MiB, 109.94 W
2026/04/24 09:38:51.693, 30 %, 0 %, 623 MiB, 46068 MiB, 110.09 W
2026/04/24 09:39:01.694, 30 %, 0 %, 623 MiB, 46068 MiB, 109.96 W
2026/04/24 09:39:11.695, 31 %, 0 %, 623 MiB, 46068 MiB, 109.83 W
2026/04/24 09:39:21.696, 30 %, 0 %, 623 MiB, 46068 MiB, 108.74 W
2026/04/24 09:39:31.697, 30 %, 0 %, 623 MiB, 46068 MiB, 109.77 W
2026/04/24 09:39:41.697, 30 %, 0 %, 623 MiB, 46068 MiB, 109.90 W
2026/04/24 09:39:51.698, 30 %, 0 %, 623 MiB, 46068 MiB, 109.87 W
2026/04/24 09:40:01.699, 30 %, 0 %, 623 MiB, 46068 MiB, 110.10 W
2026/04/24 09:40:11.700, 30 %, 0 %, 623 MiB, 46068 MiB, 108.24 W
2026/04/24 09:40:21.702, 30 %, 0 %, 623 MiB, 46068 MiB, 110.11 W
2026/04/24 09:40:31.703, 30 %, 0 %, 623 MiB, 46068 MiB, 110.18 W
2026/04/24 09:40:41.704, 30 %, 0 %, 623 MiB, 46068 MiB, 110.10 W
2026/04/24 09:40:51.705, 30 %, 0 %, 623 MiB, 46068 MiB, 110.20 W
2026/04/24 09:41:01.706, 30 %, 0 %, 623 MiB, 46068 MiB, 110.15 W
2026/04/24 09:41:11.707, 30 %, 0 %, 623 MiB, 46068 MiB, 110.27 W
2026/04/24 09:41:21.708, 30 %, 0 %, 623 MiB, 46068 MiB, 110.27 W
2026/04/24 09:41:31.709, 30 %, 0 %, 623 MiB, 46068 MiB, 110.33 W
2026/04/24 09:41:41.710, 30 %, 0 %, 623 MiB, 46068 MiB, 110.28 W
2026/04/24 09:41:51.711, 30 %, 0 %, 623 MiB, 46068 MiB, 110.34 W
2026/04/24 09:42:01.712, 30 %, 0 %, 623 MiB, 46068 MiB, 110.40 W
2026/04/24 09:42:11.713, 30 %, 0 %, 623 MiB, 46068 MiB, 110.43 W
2026/04/24 09:42:21.714, 30 %, 0 %, 623 MiB, 46068 MiB, 110.39 W
2026/04/24 09:42:31.714, 30 %, 0 %, 623 MiB, 46068 MiB, 110.33 W
2026/04/24 09:42:41.715, 30 %, 0 %, 623 MiB, 46068 MiB, 110.46 W
2026/04/24 09:42:51.716, 30 %, 0 %, 623 MiB, 46068 MiB, 110.34 W
2026/04/24 09:43:01.717, 30 %, 0 %, 623 MiB, 46068 MiB, 110.41 W
2026/04/24 09:43:11.718, 30 %, 0 %, 623 MiB, 46068 MiB, 110.42 W
2026/04/24 09:43:21.719, 30 %, 0 %, 623 MiB, 46068 MiB, 110.40 W
2026/04/24 09:43:31.720, 30 %, 0 %, 623 MiB, 46068 MiB, 110.40 W
2026/04/24 09:43:41.721, 30 %, 0 %, 623 MiB, 46068 MiB, 110.26 W
2026/04/24 09:43:51.722, 30 %, 0 %, 623 MiB, 46068 MiB, 110.49 W
2026/04/24 09:44:01.723, 30 %, 0 %, 623 MiB, 46068 MiB, 110.44 W
2026/04/24 09:44:11.723, 30 %, 0 %, 623 MiB, 46068 MiB, 110.45 W
2026/04/24 09:44:21.724, 30 %, 0 %, 623 MiB, 46068 MiB, 110.42 W
2026/04/24 09:44:31.725, 30 %, 0 %, 623 MiB, 46068 MiB, 110.37 W
2026/04/24 09:44:41.726, 30 %, 0 %, 623 MiB, 46068 MiB, 110.31 W
2026/04/24 09:44:51.727, 30 %, 0 %, 623 MiB, 46068 MiB, 110.38 W
2026/04/24 09:45:01.728, 30 %, 0 %, 623 MiB, 46068 MiB, 110.33 W
2026/04/24 09:45:11.729, 30 %, 0 %, 623 MiB, 46068 MiB, 110.40 W
2026/04/24 09:45:21.730, 30 %, 0 %, 623 MiB, 46068 MiB, 110.42 W
2026/04/24 09:45:31.731, 30 %, 0 %, 623 MiB, 46068 MiB, 110.42 W
2026/04/24 09:45:41.732, 31 %, 0 %, 623 MiB, 46068 MiB, 110.39 W
2026/04/24 09:45:51.733, 30 %, 0 %, 623 MiB, 46068 MiB, 110.42 W
2026/04/24 09:46:01.734, 30 %, 0 %, 623 MiB, 46068 MiB, 110.28 W
2026/04/24 09:46:11.735, 30 %, 0 %, 623 MiB, 46068 MiB, 110.42 W
2026/04/24 09:46:21.736, 30 %, 0 %, 623 MiB, 46068 MiB, 110.35 W
2026/04/24 09:46:31.737, 30 %, 0 %, 623 MiB, 46068 MiB, 110.32 W
2026/04/24 09:46:41.738, 30 %, 0 %, 623 MiB, 46068 MiB, 110.32 W
2026/04/24 09:46:51.739, 30 %, 0 %, 623 MiB, 46068 MiB, 110.04 W
2026/04/24 09:47:01.740, 30 %, 0 %, 623 MiB, 46068 MiB, 110.03 W
2026/04/24 09:47:11.741, 30 %, 0 %, 623 MiB, 46068 MiB, 110.17 W
2026/04/24 09:47:21.742, 31 %, 0 %, 623 MiB, 46068 MiB, 110.12 W
2026/04/24 09:47:31.743, 30 %, 0 %, 623 MiB, 46068 MiB, 109.96 W
2026/04/24 09:47:41.744, 30 %, 0 %, 623 MiB, 46068 MiB, 109.48 W
2026/04/24 09:47:51.745, 30 %, 0 %, 623 MiB, 46068 MiB, 108.85 W
2026/04/24 09:48:01.746, 30 %, 0 %, 623 MiB, 46068 MiB, 108.57 W
2026/04/24 09:48:11.747, 31 %, 0 %, 623 MiB, 46068 MiB, 108.72 W
2026/04/24 09:48:21.748, 31 %, 0 %, 623 MiB, 46068 MiB, 109.04 W
2026/04/24 09:48:31.749, 30 %, 0 %, 623 MiB, 46068 MiB, 108.98 W
2026/04/24 09:48:41.750, 30 %, 0 %, 623 MiB, 46068 MiB, 109.03 W
2026/04/24 09:48:51.751, 30 %, 0 %, 623 MiB, 46068 MiB, 109.33 W
2026/04/24 09:49:01.752, 30 %, 0 %, 623 MiB, 46068 MiB, 109.31 W
2026/04/24 09:49:11.753, 30 %, 0 %, 623 MiB, 46068 MiB, 109.44 W
2026/04/24 09:49:21.754, 30 %, 0 %, 623 MiB, 46068 MiB, 108.30 W
2026/04/24 09:49:31.755, 30 %, 0 %, 623 MiB, 46068 MiB, 109.33 W
2026/04/24 09:49:41.756, 30 %, 0 %, 623 MiB, 46068 MiB, 108.50 W
2026/04/24 09:49:51.757, 30 %, 0 %, 623 MiB, 46068 MiB, 108.46 W
2026/04/24 09:50:01.758, 30 %, 0 %, 623 MiB, 46068 MiB, 108.41 W
2026/04/24 09:50:11.759, 30 %, 0 %, 623 MiB, 46068 MiB, 108.59 W
2026/04/24 09:50:21.760, 30 %, 0 %, 623 MiB, 46068 MiB, 108.81 W
2026/04/24 09:50:31.761, 30 %, 0 %, 623 MiB, 46068 MiB, 109.05 W
2026/04/24 09:50:41.762, 30 %, 0 %, 623 MiB, 46068 MiB, 109.14 W
2026/04/24 09:50:51.763, 30 %, 0 %, 623 MiB, 46068 MiB, 109.19 W
2026/04/24 09:51:01.764, 30 %, 0 %, 623 MiB, 46068 MiB, 109.32 W
2026/04/24 09:51:11.765, 30 %, 0 %, 623 MiB, 46068 MiB, 108.68 W
2026/04/24 09:51:21.766, 30 %, 0 %, 623 MiB, 46068 MiB, 108.14 W
2026/04/24 09:51:31.767, 30 %, 0 %, 623 MiB, 46068 MiB, 107.92 W
2026/04/24 09:51:41.768, 31 %, 0 %, 623 MiB, 46068 MiB, 108.28 W
2026/04/24 09:51:51.769, 30 %, 0 %, 623 MiB, 46068 MiB, 108.34 W
2026/04/24 09:52:01.770, 30 %, 0 %, 623 MiB, 46068 MiB, 108.58 W
2026/04/24 09:52:11.771, 30 %, 0 %, 623 MiB, 46068 MiB, 108.78 W
2026/04/24 09:52:21.772, 31 %, 0 %, 623 MiB, 46068 MiB, 108.83 W
2026/04/24 09:52:31.773, 30 %, 0 %, 623 MiB, 46068 MiB, 108.92 W
2026/04/24 09:52:41.774, 30 %, 0 %, 623 MiB, 46068 MiB, 109.03 W
2026/04/24 09:52:51.775, 30 %, 0 %, 623 MiB, 46068 MiB, 109.06 W
2026/04/24 09:53:01.776, 31 %, 0 %, 623 MiB, 46068 MiB, 109.30 W
2026/04/24 09:53:11.777, 30 %, 0 %, 623 MiB, 46068 MiB, 109.13 W
2026/04/24 09:53:21.778, 30 %, 0 %, 623 MiB, 46068 MiB, 109.32 W
2026/04/24 09:53:31.779, 30 %, 0 %, 623 MiB, 46068 MiB, 109.25 W
2026/04/24 09:53:41.780, 30 %, 0 %, 623 MiB, 46068 MiB, 109.41 W
2026/04/24 09:53:51.781, 30 %, 0 %, 623 MiB, 46068 MiB, 109.33 W
2026/04/24 09:54:01.782, 30 %, 0 %, 623 MiB, 46068 MiB, 109.18 W
2026/04/24 09:54:11.783, 31 %, 0 %, 623 MiB, 46068 MiB, 108.95 W
2026/04/24 09:54:21.784, 31 %, 0 %, 623 MiB, 46068 MiB, 108.51 W
2026/04/24 09:54:31.785, 30 %, 0 %, 623 MiB, 46068 MiB, 107.95 W
2026/04/24 09:54:41.786, 31 %, 0 %, 623 MiB, 46068 MiB, 107.99 W
2026/04/24 09:54:51.787, 31 %, 0 %, 623 MiB, 46068 MiB, 108.30 W
2026/04/24 09:55:01.788, 31 %, 0 %, 623 MiB, 46068 MiB, 108.29 W
2026/04/24 09:55:11.789, 30 %, 0 %, 623 MiB, 46068 MiB, 108.48 W
2026/04/24 09:55:21.790, 30 %, 0 %, 623 MiB, 46068 MiB, 108.46 W
2026/04/24 09:55:31.791, 30 %, 0 %, 623 MiB, 46068 MiB, 108.77 W
2026/04/24 09:55:41.792, 17 %, 0 %, 619 MiB, 46068 MiB, 107.58 W
2026/04/24 09:55:51.808, 30 %, 0 %, 623 MiB, 46068 MiB, 108.84 W
2026/04/24 09:56:01.809, 30 %, 0 %, 623 MiB, 46068 MiB, 108.96 W
2026/04/24 09:56:11.810, 30 %, 0 %, 623 MiB, 46068 MiB, 108.75 W
2026/04/24 09:56:21.811, 31 %, 0 %, 623 MiB, 46068 MiB, 108.86 W
2026/04/24 09:56:31.812, 30 %, 0 %, 623 MiB, 46068 MiB, 108.95 W
2026/04/24 09:56:41.813, 30 %, 0 %, 623 MiB, 46068 MiB, 109.11 W
2026/04/24 09:56:51.814, 30 %, 0 %, 623 MiB, 46068 MiB, 108.86 W
2026/04/24 09:57:01.815, 30 %, 0 %, 623 MiB, 46068 MiB, 108.82 W
2026/04/24 09:57:11.816, 30 %, 0 %, 623 MiB, 46068 MiB, 108.79 W
2026/04/24 09:57:21.817, 30 %, 0 %, 623 MiB, 46068 MiB, 108.79 W
2026/04/24 09:57:31.818, 30 %, 0 %, 623 MiB, 46068 MiB, 108.31 W
2026/04/24 09:57:41.819, 30 %, 0 %, 623 MiB, 46068 MiB, 108.43 W
2026/04/24 09:57:51.820, 30 %, 0 %, 623 MiB, 46068 MiB, 108.40 W
2026/04/24 09:58:01.821, 31 %, 0 %, 623 MiB, 46068 MiB, 108.36 W
2026/04/24 09:58:11.822, 30 %, 0 %, 623 MiB, 46068 MiB, 108.48 W
2026/04/24 09:58:21.823, 30 %, 0 %, 623 MiB, 46068 MiB, 108.46 W
2026/04/24 09:58:31.824, 30 %, 0 %, 623 MiB, 46068 MiB, 108.58 W
2026/04/24 09:58:41.825, 30 %, 0 %, 623 MiB, 46068 MiB, 108.59 W
2026/04/24 09:58:51.826, 30 %, 0 %, 623 MiB, 46068 MiB, 108.26 W
2026/04/24 09:59:01.827, 30 %, 0 %, 623 MiB, 46068 MiB, 107.74 W
2026/04/24 09:59:11.828, 30 %, 0 %, 623 MiB, 46068 MiB, 107.40 W
2026/04/24 09:59:21.829, 30 %, 0 %, 623 MiB, 46068 MiB, 107.41 W
2026/04/24 09:59:31.830, 30 %, 0 %, 623 MiB, 46068 MiB, 107.41 W
2026/04/24 09:59:41.831, 30 %, 0 %, 623 MiB, 46068 MiB, 107.48 W
2026/04/24 09:59:51.832, 30 %, 0 %, 623 MiB, 46068 MiB, 107.43 W
2026/04/24 10:00:01.833, 31 %, 0 %, 623 MiB, 46068 MiB, 107.40 W
2026/04/24 10:00:11.834, 30 %, 0 %, 623 MiB, 46068 MiB, 107.67 W
2026/04/24 10:00:21.835, 30 %, 0 %, 623 MiB, 46068 MiB, 107.55 W
2026/04/24 10:00:31.836, 30 %, 0 %, 623 MiB, 46068 MiB, 107.70 W
2026/04/24 10:00:41.837, 31 %, 0 %, 623 MiB, 46068 MiB, 107.89 W
2026/04/24 10:00:51.838, 30 %, 0 %, 623 MiB, 46068 MiB, 107.74 W
2026/04/24 10:01:01.839, 30 %, 0 %, 623 MiB, 46068 MiB, 107.94 W
2026/04/24 10:01:11.840, 30 %, 0 %, 623 MiB, 46068 MiB, 107.64 W
2026/04/24 10:01:21.841, 30 %, 0 %, 623 MiB, 46068 MiB, 107.47 W
2026/04/24 10:01:31.842, 30 %, 0 %, 623 MiB, 46068 MiB, 107.44 W
2026/04/24 10:01:41.843, 30 %, 0 %, 623 MiB, 46068 MiB, 107.59 W
2026/04/24 10:01:51.844, 30 %, 0 %, 623 MiB, 46068 MiB, 107.53 W
2026/04/24 10:02:01.845, 30 %, 0 %, 623 MiB, 46068 MiB, 107.77 W
2026/04/24 10:02:11.846, 30 %, 0 %, 623 MiB, 46068 MiB, 107.96 W
2026/04/24 10:02:21.847, 30 %, 0 %, 623 MiB, 46068 MiB, 107.89 W
2026/04/24 10:02:31.848, 30 %, 0 %, 623 MiB, 46068 MiB, 107.78 W
2026/04/24 10:02:41.849, 30 %, 0 %, 623 MiB, 46068 MiB, 107.35 W
2026/04/24 10:02:51.850, 30 %, 0 %, 623 MiB, 46068 MiB, 107.33 W
2026/04/24 10:03:01.851, 30 %, 0 %, 623 MiB, 46068 MiB, 107.26 W
2026/04/24 10:03:11.852, 30 %, 0 %, 623 MiB, 46068 MiB, 107.19 W
2026/04/24 10:03:21.853, 30 %, 0 %, 623 MiB, 46068 MiB, 107.18 W
2026/04/24 10:03:31.854, 30 %, 0 %, 623 MiB, 46068 MiB, 106.95 W
2026/04/24 10:03:41.855, 30 %, 0 %, 623 MiB, 46068 MiB, 106.95 W
2026/04/24 10:03:51.856, 30 %, 0 %, 623 MiB, 46068 MiB, 106.96 W
2026/04/24 10:04:01.857, 30 %, 0 %, 623 MiB, 46068 MiB, 107.06 W
2026/04/24 10:04:11.858, 31 %, 0 %, 623 MiB, 46068 MiB, 107.32 W
2026/04/24 10:04:21.859, 30 %, 0 %, 623 MiB, 46068 MiB, 107.38 W
2026/04/24 10:04:31.860, 30 %, 0 %, 623 MiB, 46068 MiB, 107.28 W
2026/04/24 10:04:41.861, 30 %, 0 %, 623 MiB, 46068 MiB, 107.56 W
2026/04/24 10:04:51.862, 31 %, 0 %, 623 MiB, 46068 MiB, 107.38 W
2026/04/24 10:05:01.863, 30 %, 0 %, 623 MiB, 46068 MiB, 107.52 W
2026/04/24 10:05:11.864, 30 %, 0 %, 623 MiB, 46068 MiB, 107.60 W
2026/04/24 10:05:21.865, 30 %, 0 %, 623 MiB, 46068 MiB, 107.54 W
2026/04/24 10:05:31.866, 30 %, 0 %, 623 MiB, 46068 MiB, 107.46 W
2026/04/24 10:05:41.867, 30 %, 0 %, 623 MiB, 46068 MiB, 105.59 W
2026/04/24 10:05:51.868, 30 %, 0 %, 623 MiB, 46068 MiB, 107.71 W
2026/04/24 10:06:01.870, 30 %, 0 %, 623 MiB, 46068 MiB, 107.74 W
2026/04/24 10:06:11.871, 30 %, 0 %, 623 MiB, 46068 MiB, 107.82 W
2026/04/24 10:06:21.872, 30 %, 0 %, 623 MiB, 46068 MiB, 107.93 W
2026/04/24 10:06:31.873, 30 %, 0 %, 623 MiB, 46068 MiB, 107.79 W
2026/04/24 10:06:41.874, 30 %, 0 %, 623 MiB, 46068 MiB, 107.42 W
2026/04/24 10:06:51.875, 30 %, 0 %, 623 MiB, 46068 MiB, 106.92 W
2026/04/24 10:07:01.876, 30 %, 0 %, 623 MiB, 46068 MiB, 106.69 W
2026/04/24 10:07:11.877, 31 %, 0 %, 623 MiB, 46068 MiB, 106.68 W
2026/04/24 10:07:21.878, 30 %, 0 %, 623 MiB, 46068 MiB, 106.71 W
2026/04/24 10:07:31.879, 30 %, 0 %, 623 MiB, 46068 MiB, 106.92 W
2026/04/24 10:07:41.880, 30 %, 0 %, 623 MiB, 46068 MiB, 107.12 W
2026/04/24 10:07:51.881, 30 %, 0 %, 623 MiB, 46068 MiB, 107.06 W
2026/04/24 10:08:01.882, 30 %, 0 %, 623 MiB, 46068 MiB, 106.72 W
2026/04/24 10:08:11.883, 30 %, 0 %, 623 MiB, 46068 MiB, 106.70 W
2026/04/24 10:08:21.884, 31 %, 0 %, 623 MiB, 46068 MiB, 106.67 W
2026/04/24 10:08:31.886, 30 %, 0 %, 623 MiB, 46068 MiB, 106.94 W
2026/04/24 10:08:41.887, 30 %, 0 %, 623 MiB, 46068 MiB, 107.03 W
2026/04/24 10:08:51.887, 30 %, 0 %, 623 MiB, 46068 MiB, 107.15 W
2026/04/24 10:09:01.888, 30 %, 0 %, 623 MiB, 46068 MiB, 107.10 W
2026/04/24 10:09:11.889, 30 %, 0 %, 623 MiB, 46068 MiB, 107.18 W
2026/04/24 10:09:21.890, 30 %, 0 %, 623 MiB, 46068 MiB, 107.25 W
2026/04/24 10:09:31.891, 30 %, 0 %, 623 MiB, 46068 MiB, 106.96 W
2026/04/24 10:09:41.892, 30 %, 0 %, 623 MiB, 46068 MiB, 106.56 W
2026/04/24 10:09:51.893, 30 %, 0 %, 623 MiB, 46068 MiB, 106.40 W
2026/04/24 10:10:01.894, 30 %, 0 %, 623 MiB, 46068 MiB, 106.63 W
2026/04/24 10:10:11.895, 30 %, 0 %, 623 MiB, 46068 MiB, 106.61 W
2026/04/24 10:10:21.896, 30 %, 0 %, 623 MiB, 46068 MiB, 106.89 W
2026/04/24 10:10:31.897, 30 %, 0 %, 623 MiB, 46068 MiB, 107.01 W
2026/04/24 10:10:41.898, 30 %, 0 %, 623 MiB, 46068 MiB, 107.07 W
2026/04/24 10:10:51.900, 30 %, 0 %, 623 MiB, 46068 MiB, 106.72 W
2026/04/24 10:11:01.900, 30 %, 0 %, 623 MiB, 46068 MiB, 106.94 W
2026/04/24 10:11:11.901, 30 %, 0 %, 623 MiB, 46068 MiB, 107.01 W
2026/04/24 10:11:21.902, 30 %, 0 %, 623 MiB, 46068 MiB, 107.06 W
2026/04/24 10:11:31.903, 30 %, 0 %, 623 MiB, 46068 MiB, 107.16 W
2026/04/24 10:11:41.904, 30 %, 0 %, 623 MiB, 46068 MiB, 107.04 W
2026/04/24 10:11:51.905, 30 %, 0 %, 623 MiB, 46068 MiB, 107.07 W
2026/04/24 10:12:01.906, 30 %, 0 %, 619 MiB, 46068 MiB, 106.78 W
2026/04/24 10:12:11.907, 30 %, 0 %, 623 MiB, 46068 MiB, 106.77 W
2026/04/24 10:12:21.908, 30 %, 0 %, 623 MiB, 46068 MiB, 106.69 W
2026/04/24 10:12:31.909, 30 %, 0 %, 623 MiB, 46068 MiB, 107.02 W
2026/04/24 10:12:41.910, 30 %, 0 %, 623 MiB, 46068 MiB, 107.13 W
2026/04/24 10:12:51.911, 30 %, 0 %, 623 MiB, 46068 MiB, 107.24 W
2026/04/24 10:13:01.912, 30 %, 0 %, 623 MiB, 46068 MiB, 107.31 W
2026/04/24 10:13:11.913, 30 %, 0 %, 623 MiB, 46068 MiB, 107.35 W
2026/04/24 10:13:21.914, 30 %, 0 %, 623 MiB, 46068 MiB, 107.74 W
2026/04/24 10:13:31.915, 30 %, 0 %, 623 MiB, 46068 MiB, 107.58 W
2026/04/24 10:13:41.916, 31 %, 0 %, 623 MiB, 46068 MiB, 107.70 W
2026/04/24 10:13:51.917, 30 %, 0 %, 623 MiB, 46068 MiB, 107.58 W
2026/04/24 10:14:01.918, 30 %, 0 %, 623 MiB, 46068 MiB, 107.87 W
2026/04/24 10:14:11.919, 30 %, 0 %, 623 MiB, 46068 MiB, 107.86 W
2026/04/24 10:14:21.920, 30 %, 0 %, 623 MiB, 46068 MiB, 107.85 W
2026/04/24 10:14:31.921, 30 %, 0 %, 623 MiB, 46068 MiB, 108.03 W
2026/04/24 10:14:41.922, 30 %, 0 %, 623 MiB, 46068 MiB, 108.04 W
2026/04/24 10:14:51.923, 30 %, 0 %, 623 MiB, 46068 MiB, 108.07 W
2026/04/24 10:15:01.924, 30 %, 0 %, 623 MiB, 46068 MiB, 108.29 W
2026/04/24 10:15:11.925, 30 %, 0 %, 623 MiB, 46068 MiB, 107.94 W
2026/04/24 10:15:21.926, 30 %, 0 %, 623 MiB, 46068 MiB, 107.94 W
2026/04/24 10:15:31.927, 30 %, 0 %, 623 MiB, 46068 MiB, 108.28 W
2026/04/24 10:15:41.928, 31 %, 0 %, 623 MiB, 46068 MiB, 108.19 W
2026/04/24 10:15:51.929, 30 %, 0 %, 623 MiB, 46068 MiB, 108.27 W
2026/04/24 10:16:01.930, 30 %, 0 %, 623 MiB, 46068 MiB, 108.22 W
2026/04/24 10:16:11.931, 30 %, 0 %, 623 MiB, 46068 MiB, 108.32 W
2026/04/24 10:16:21.932, 30 %, 0 %, 623 MiB, 46068 MiB, 108.35 W
2026/04/24 10:16:31.933, 30 %, 0 %, 623 MiB, 46068 MiB, 108.37 W
2026/04/24 10:16:41.934, 30 %, 0 %, 623 MiB, 46068 MiB, 108.41 W
2026/04/24 10:16:51.935, 30 %, 0 %, 623 MiB, 46068 MiB, 108.43 W
2026/04/24 10:17:01.937, 30 %, 0 %, 623 MiB, 46068 MiB, 108.50 W
2026/04/24 10:17:11.938, 30 %, 0 %, 623 MiB, 46068 MiB, 108.44 W
2026/04/24 10:17:21.939, 30 %, 0 %, 623 MiB, 46068 MiB, 108.54 W
2026/04/24 10:17:31.940, 30 %, 0 %, 623 MiB, 46068 MiB, 108.55 W
2026/04/24 10:17:41.941, 30 %, 0 %, 623 MiB, 46068 MiB, 108.51 W
2026/04/24 10:17:51.942, 30 %, 0 %, 623 MiB, 46068 MiB, 108.64 W
2026/04/24 10:18:01.943, 30 %, 0 %, 623 MiB, 46068 MiB, 108.72 W
2026/04/24 10:18:11.944, 31 %, 0 %, 623 MiB, 46068 MiB, 108.83 W
2026/04/24 10:18:21.945, 31 %, 0 %, 623 MiB, 46068 MiB, 108.75 W
2026/04/24 10:18:31.946, 30 %, 0 %, 623 MiB, 46068 MiB, 108.69 W
2026/04/24 10:18:41.947, 30 %, 0 %, 623 MiB, 46068 MiB, 108.66 W
2026/04/24 10:18:51.948, 30 %, 0 %, 623 MiB, 46068 MiB, 108.73 W
2026/04/24 10:19:01.949, 30 %, 0 %, 623 MiB, 46068 MiB, 108.69 W
2026/04/24 10:19:11.950, 30 %, 0 %, 623 MiB, 46068 MiB, 108.69 W
2026/04/24 10:19:21.951, 31 %, 0 %, 623 MiB, 46068 MiB, 108.82 W
2026/04/24 10:19:31.952, 31 %, 0 %, 623 MiB, 46068 MiB, 108.74 W
2026/04/24 10:19:41.953, 30 %, 0 %, 623 MiB, 46068 MiB, 108.67 W
2026/04/24 10:19:51.954, 30 %, 0 %, 623 MiB, 46068 MiB, 108.71 W
2026/04/24 10:20:01.956, 30 %, 0 %, 623 MiB, 46068 MiB, 108.93 W
2026/04/24 10:20:11.957, 30 %, 0 %, 623 MiB, 46068 MiB, 107.34 W
2026/04/24 10:20:21.957, 30 %, 0 %, 623 MiB, 46068 MiB, 108.37 W
2026/04/24 10:20:31.958, 30 %, 0 %, 623 MiB, 46068 MiB, 108.69 W
2026/04/24 10:20:41.959, 30 %, 0 %, 623 MiB, 46068 MiB, 108.66 W
2026/04/24 10:20:51.960, 30 %, 0 %, 623 MiB, 46068 MiB, 108.51 W
2026/04/24 10:21:01.961, 30 %, 0 %, 623 MiB, 46068 MiB, 108.59 W
2026/04/24 10:21:11.962, 30 %, 0 %, 623 MiB, 46068 MiB, 108.51 W
2026/04/24 10:21:21.963, 30 %, 0 %, 623 MiB, 46068 MiB, 108.54 W
2026/04/24 10:21:31.964, 30 %, 0 %, 623 MiB, 46068 MiB, 108.32 W
2026/04/24 10:21:41.965, 30 %, 0 %, 623 MiB, 46068 MiB, 108.46 W
2026/04/24 10:21:51.966, 30 %, 0 %, 623 MiB, 46068 MiB, 108.18 W
2026/04/24 10:22:01.967, 30 %, 0 %, 623 MiB, 46068 MiB, 108.29 W
2026/04/24 10:22:11.968, 30 %, 0 %, 623 MiB, 46068 MiB, 108.34 W
2026/04/24 10:22:21.969, 30 %, 0 %, 623 MiB, 46068 MiB, 108.13 W
2026/04/24 10:22:31.970, 30 %, 0 %, 623 MiB, 46068 MiB, 108.29 W
2026/04/24 10:22:41.971, 30 %, 0 %, 623 MiB, 46068 MiB, 108.34 W
2026/04/24 10:22:51.972, 30 %, 0 %, 623 MiB, 46068 MiB, 108.51 W
2026/04/24 10:23:01.973, 30 %, 0 %, 623 MiB, 46068 MiB, 108.43 W
2026/04/24 10:23:11.974, 30 %, 0 %, 623 MiB, 46068 MiB, 108.44 W
2026/04/24 10:23:21.975, 30 %, 0 %, 623 MiB, 46068 MiB, 108.41 W
2026/04/24 10:23:31.976, 30 %, 0 %, 623 MiB, 46068 MiB, 108.22 W
2026/04/24 10:23:41.977, 30 %, 0 %, 623 MiB, 46068 MiB, 108.26 W
2026/04/24 10:23:51.978, 30 %, 0 %, 623 MiB, 46068 MiB, 108.13 W
2026/04/24 10:24:01.979, 30 %, 0 %, 623 MiB, 46068 MiB, 108.13 W
2026/04/24 10:24:11.980, 30 %, 0 %, 623 MiB, 46068 MiB, 108.37 W
2026/04/24 10:24:21.982, 30 %, 0 %, 623 MiB, 46068 MiB, 108.06 W
2026/04/24 10:24:31.983, 30 %, 0 %, 623 MiB, 46068 MiB, 108.00 W
2026/04/24 10:24:41.984, 30 %, 0 %, 623 MiB, 46068 MiB, 107.87 W
2026/04/24 10:24:51.985, 30 %, 0 %, 623 MiB, 46068 MiB, 107.96 W
2026/04/24 10:25:01.986, 30 %, 0 %, 623 MiB, 46068 MiB, 108.14 W
2026/04/24 10:25:11.987, 30 %, 0 %, 623 MiB, 46068 MiB, 108.07 W
2026/04/24 10:25:21.988, 30 %, 0 %, 623 MiB, 46068 MiB, 107.94 W
2026/04/24 10:25:31.989, 30 %, 0 %, 623 MiB, 46068 MiB, 107.69 W
2026/04/24 10:25:41.990, 30 %, 0 %, 623 MiB, 46068 MiB, 107.84 W
2026/04/24 10:25:51.991, 30 %, 0 %, 623 MiB, 46068 MiB, 106.32 W
2026/04/24 10:26:01.992, 30 %, 0 %, 623 MiB, 46068 MiB, 107.70 W
2026/04/24 10:26:11.993, 30 %, 0 %, 623 MiB, 46068 MiB, 107.81 W
2026/04/24 10:26:21.994, 30 %, 0 %, 623 MiB, 46068 MiB, 107.56 W
2026/04/24 10:26:31.995, 30 %, 0 %, 623 MiB, 46068 MiB, 107.36 W
2026/04/24 10:26:41.996, 30 %, 0 %, 623 MiB, 46068 MiB, 107.49 W
2026/04/24 10:26:51.997, 30 %, 0 %, 623 MiB, 46068 MiB, 107.45 W
2026/04/24 10:27:01.998, 30 %, 0 %, 623 MiB, 46068 MiB, 107.55 W
2026/04/24 10:27:11.999, 30 %, 0 %, 623 MiB, 46068 MiB, 107.62 W
2026/04/24 10:27:22.000, 30 %, 0 %, 623 MiB, 46068 MiB, 107.67 W
2026/04/24 10:27:32.001, 30 %, 0 %, 623 MiB, 46068 MiB, 107.60 W
2026/04/24 10:27:42.002, 31 %, 0 %, 623 MiB, 46068 MiB, 107.70 W
2026/04/24 10:27:52.004, 30 %, 0 %, 623 MiB, 46068 MiB, 107.82 W
2026/04/24 10:28:02.005, 31 %, 0 %, 623 MiB, 46068 MiB, 107.67 W
2026/04/24 10:28:12.005, 30 %, 0 %, 623 MiB, 46068 MiB, 107.68 W
2026/04/24 10:28:22.006, 30 %, 0 %, 623 MiB, 46068 MiB, 105.83 W
2026/04/24 10:28:32.007, 30 %, 0 %, 623 MiB, 46068 MiB, 107.65 W
2026/04/24 10:28:42.008, 30 %, 0 %, 623 MiB, 46068 MiB, 107.42 W
2026/04/24 10:28:52.009, 30 %, 0 %, 623 MiB, 46068 MiB, 107.51 W
2026/04/24 10:29:02.011, 30 %, 0 %, 623 MiB, 46068 MiB, 107.47 W
2026/04/24 10:29:12.012, 30 %, 0 %, 623 MiB, 46068 MiB, 107.52 W
2026/04/24 10:29:22.013, 30 %, 0 %, 623 MiB, 46068 MiB, 107.44 W
2026/04/24 10:29:32.014, 30 %, 0 %, 623 MiB, 46068 MiB, 107.49 W
2026/04/24 10:29:42.015, 30 %, 0 %, 623 MiB, 46068 MiB, 107.62 W
2026/04/24 10:29:52.016, 30 %, 0 %, 623 MiB, 46068 MiB, 107.65 W
2026/04/24 10:30:02.017, 30 %, 0 %, 623 MiB, 46068 MiB, 107.74 W
2026/04/24 10:30:12.018, 30 %, 0 %, 623 MiB, 46068 MiB, 107.32 W
2026/04/24 10:30:22.019, 30 %, 0 %, 623 MiB, 46068 MiB, 107.26 W
2026/04/24 10:30:32.020, 31 %, 0 %, 623 MiB, 46068 MiB, 107.23 W
2026/04/24 10:30:42.021, 30 %, 0 %, 623 MiB, 46068 MiB, 107.31 W
2026/04/24 10:30:52.022, 30 %, 0 %, 623 MiB, 46068 MiB, 107.40 W
2026/04/24 10:31:02.023, 31 %, 0 %, 623 MiB, 46068 MiB, 107.52 W
2026/04/24 10:31:12.024, 30 %, 0 %, 623 MiB, 46068 MiB, 107.51 W
2026/04/24 10:31:22.025, 30 %, 0 %, 623 MiB, 46068 MiB, 107.65 W
2026/04/24 10:31:32.026, 31 %, 0 %, 623 MiB, 46068 MiB, 107.62 W
2026/04/24 10:31:42.027, 30 %, 0 %, 623 MiB, 46068 MiB, 107.58 W
2026/04/24 10:31:52.028, 30 %, 0 %, 623 MiB, 46068 MiB, 107.73 W
2026/04/24 10:32:02.029, 30 %, 0 %, 623 MiB, 46068 MiB, 107.35 W
2026/04/24 10:32:12.030, 31 %, 0 %, 623 MiB, 46068 MiB, 107.26 W
2026/04/24 10:32:22.031, 30 %, 0 %, 623 MiB, 46068 MiB, 106.98 W
2026/04/24 10:32:32.032, 30 %, 0 %, 623 MiB, 46068 MiB, 107.06 W
2026/04/24 10:32:42.033, 30 %, 0 %, 623 MiB, 46068 MiB, 107.06 W
2026/04/24 10:32:52.034, 30 %, 0 %, 623 MiB, 46068 MiB, 107.17 W
2026/04/24 10:33:02.035, 30 %, 0 %, 623 MiB, 46068 MiB, 107.34 W
2026/04/24 10:33:12.036, 31 %, 0 %, 623 MiB, 46068 MiB, 107.30 W
2026/04/24 10:33:22.037, 30 %, 0 %, 623 MiB, 46068 MiB, 107.01 W
2026/04/24 10:33:32.038, 30 %, 0 %, 623 MiB, 46068 MiB, 107.10 W
2026/04/24 10:33:42.039, 30 %, 0 %, 623 MiB, 46068 MiB, 107.26 W
2026/04/24 10:33:52.040, 30 %, 0 %, 623 MiB, 46068 MiB, 107.27 W
2026/04/24 10:34:02.041, 30 %, 0 %, 623 MiB, 46068 MiB, 107.23 W
2026/04/24 10:34:12.042, 30 %, 0 %, 623 MiB, 46068 MiB, 107.23 W
2026/04/24 10:34:22.043, 30 %, 0 %, 623 MiB, 46068 MiB, 107.36 W
2026/04/24 10:34:32.044, 30 %, 0 %, 623 MiB, 46068 MiB, 107.46 W
2026/04/24 10:34:42.045, 30 %, 0 %, 623 MiB, 46068 MiB, 106.21 W
2026/04/24 10:34:52.046, 30 %, 0 %, 623 MiB, 46068 MiB, 107.45 W
2026/04/24 10:35:02.047, 30 %, 0 %, 623 MiB, 46068 MiB, 107.63 W
2026/04/24 10:35:12.048, 30 %, 0 %, 623 MiB, 46068 MiB, 107.61 W
2026/04/24 10:35:22.049, 30 %, 0 %, 623 MiB, 46068 MiB, 107.52 W
2026/04/24 10:35:32.050, 1 %, 0 %, 623 MiB, 46068 MiB, 105.31 W
2026/04/24 10:35:42.051, 31 %, 0 %, 623 MiB, 46068 MiB, 107.75 W
2026/04/24 10:35:52.052, 30 %, 0 %, 623 MiB, 46068 MiB, 107.59 W
2026/04/24 10:36:02.052, 30 %, 0 %, 623 MiB, 46068 MiB, 107.51 W
2026/04/24 10:36:12.053, 30 %, 0 %, 623 MiB, 46068 MiB, 107.45 W
2026/04/24 10:36:22.054, 30 %, 0 %, 623 MiB, 46068 MiB, 107.63 W
2026/04/24 10:36:32.055, 30 %, 0 %, 623 MiB, 46068 MiB, 107.56 W
2026/04/24 10:36:42.056, 31 %, 0 %, 623 MiB, 46068 MiB, 107.63 W
2026/04/24 10:36:52.057, 31 %, 0 %, 623 MiB, 46068 MiB, 107.58 W
2026/04/24 10:37:02.058, 31 %, 0 %, 623 MiB, 46068 MiB, 107.75 W
2026/04/24 10:37:12.059, 30 %, 0 %, 623 MiB, 46068 MiB, 107.62 W
2026/04/24 10:37:22.060, 30 %, 0 %, 623 MiB, 46068 MiB, 107.58 W
2026/04/24 10:37:32.061, 31 %, 0 %, 623 MiB, 46068 MiB, 107.48 W
2026/04/24 10:37:42.062, 30 %, 0 %, 623 MiB, 46068 MiB, 107.47 W
2026/04/24 10:37:52.063, 31 %, 0 %, 623 MiB, 46068 MiB, 107.42 W
2026/04/24 10:38:02.064, 30 %, 0 %, 623 MiB, 46068 MiB, 107.46 W
2026/04/24 10:38:12.065, 30 %, 0 %, 623 MiB, 46068 MiB, 107.56 W
2026/04/24 10:38:22.066, 30 %, 0 %, 623 MiB, 46068 MiB, 107.65 W
2026/04/24 10:38:32.068, 31 %, 0 %, 623 MiB, 46068 MiB, 107.46 W
2026/04/24 10:38:42.070, 30 %, 0 %, 623 MiB, 46068 MiB, 107.36 W
2026/04/24 10:38:52.071, 30 %, 0 %, 623 MiB, 46068 MiB, 107.39 W
2026/04/24 10:39:02.072, 30 %, 0 %, 623 MiB, 46068 MiB, 107.32 W
2026/04/24 10:39:12.073, 30 %, 0 %, 623 MiB, 46068 MiB, 107.48 W
2026/04/24 10:39:22.074, 30 %, 0 %, 623 MiB, 46068 MiB, 107.52 W
2026/04/24 10:39:32.075, 30 %, 0 %, 623 MiB, 46068 MiB, 107.70 W
2026/04/24 10:39:42.075, 30 %, 0 %, 623 MiB, 46068 MiB, 107.64 W
2026/04/24 10:39:52.076, 30 %, 0 %, 623 MiB, 46068 MiB, 107.66 W
2026/04/24 10:40:02.077, 30 %, 0 %, 623 MiB, 46068 MiB, 107.53 W
2026/04/24 10:40:12.078, 31 %, 0 %, 623 MiB, 46068 MiB, 107.35 W
2026/04/24 10:40:22.079, 30 %, 0 %, 623 MiB, 46068 MiB, 107.32 W
2026/04/24 10:40:32.081, 30 %, 0 %, 623 MiB, 46068 MiB, 107.39 W
2026/04/24 10:40:42.082, 30 %, 0 %, 623 MiB, 46068 MiB, 107.31 W
2026/04/24 10:40:52.083, 30 %, 0 %, 623 MiB, 46068 MiB, 107.56 W
2026/04/24 10:41:02.084, 30 %, 0 %, 623 MiB, 46068 MiB, 106.15 W
2026/04/24 10:41:12.085, 30 %, 0 %, 623 MiB, 46068 MiB, 107.09 W
2026/04/24 10:41:22.086, 30 %, 0 %, 623 MiB, 46068 MiB, 107.25 W
2026/04/24 10:41:32.087, 30 %, 0 %, 623 MiB, 46068 MiB, 107.34 W
2026/04/24 10:41:42.088, 30 %, 0 %, 623 MiB, 46068 MiB, 107.56 W
2026/04/24 10:41:52.088, 30 %, 0 %, 623 MiB, 46068 MiB, 107.47 W
2026/04/24 10:42:02.089, 31 %, 0 %, 623 MiB, 46068 MiB, 107.59 W
2026/04/24 10:42:12.090, 30 %, 0 %, 623 MiB, 46068 MiB, 107.71 W
2026/04/24 10:42:22.091, 30 %, 0 %, 623 MiB, 46068 MiB, 107.55 W
2026/04/24 10:42:32.092, 30 %, 0 %, 623 MiB, 46068 MiB, 107.55 W
2026/04/24 10:42:42.093, 30 %, 0 %, 623 MiB, 46068 MiB, 107.66 W
2026/04/24 10:42:52.094, 30 %, 0 %, 623 MiB, 46068 MiB, 107.74 W
2026/04/24 10:43:02.095, 30 %, 0 %, 623 MiB, 46068 MiB, 107.86 W
2026/04/24 10:43:12.096, 30 %, 0 %, 623 MiB, 46068 MiB, 108.05 W
2026/04/24 10:43:22.097, 30 %, 0 %, 623 MiB, 46068 MiB, 107.95 W
2026/04/24 10:43:32.099, 30 %, 0 %, 623 MiB, 46068 MiB, 107.95 W
2026/04/24 10:43:42.100, 30 %, 0 %, 623 MiB, 46068 MiB, 108.05 W
2026/04/24 10:43:52.101, 30 %, 0 %, 623 MiB, 46068 MiB, 108.04 W
2026/04/24 10:44:02.102, 30 %, 0 %, 623 MiB, 46068 MiB, 107.91 W
2026/04/24 10:44:12.102, 31 %, 0 %, 623 MiB, 46068 MiB, 107.00 W
2026/04/24 10:44:22.103, 30 %, 0 %, 623 MiB, 46068 MiB, 106.21 W
2026/04/24 10:44:32.104, 30 %, 0 %, 623 MiB, 46068 MiB, 106.03 W
2026/04/24 10:44:42.105, 30 %, 0 %, 623 MiB, 46068 MiB, 105.94 W
2026/04/24 10:44:52.106, 30 %, 0 %, 623 MiB, 46068 MiB, 106.10 W
2026/04/24 10:45:02.107, 30 %, 0 %, 623 MiB, 46068 MiB, 106.27 W
2026/04/24 10:45:12.108, 30 %, 0 %, 623 MiB, 46068 MiB, 106.48 W
2026/04/24 10:45:22.109, 30 %, 0 %, 623 MiB, 46068 MiB, 106.74 W
2026/04/24 10:45:32.110, 30 %, 0 %, 623 MiB, 46068 MiB, 107.07 W
2026/04/24 10:45:42.111, 30 %, 0 %, 623 MiB, 46068 MiB, 106.99 W
2026/04/24 10:45:52.112, 30 %, 0 %, 623 MiB, 46068 MiB, 107.43 W
2026/04/24 10:46:02.113, 30 %, 0 %, 623 MiB, 46068 MiB, 107.63 W
2026/04/24 10:46:12.114, 30 %, 0 %, 623 MiB, 46068 MiB, 107.64 W
2026/04/24 10:46:22.115, 31 %, 0 %, 623 MiB, 46068 MiB, 107.13 W
2026/04/24 10:46:32.116, 30 %, 0 %, 623 MiB, 46068 MiB, 106.59 W
2026/04/24 10:46:42.117, 30 %, 0 %, 623 MiB, 46068 MiB, 106.20 W
2026/04/24 10:46:52.118, 30 %, 0 %, 623 MiB, 46068 MiB, 106.01 W
2026/04/24 10:47:02.119, 30 %, 0 %, 623 MiB, 46068 MiB, 106.26 W
2026/04/24 10:47:12.120, 30 %, 0 %, 623 MiB, 46068 MiB, 106.43 W
2026/04/24 10:47:22.121, 12 %, 0 %, 619 MiB, 46068 MiB, 104.06 W
